doc_id,label_id
1122545738,040118827
1122545738,951385941
1122545738,040329348
1122545738,040786048
1122545835,118607057
1122545835,945843526
1122545835,118511742
1122545835,040457915
1122545835,949301329
1122586574,042736978
1122586574,040725324
1122586574,041642236
1123477132,041223438
1123477132,04053460X
1123477132,041143280
1123477132,04077628X
112347995X,04130585X
112347995X,040359646
1123481415,041948718
1123481415,041250354
1123481415,040198383
1123481415,040414213
1123481415,04132482X
1123481415,04202787X
1123644314,959109064
1123644314,041214889
1123644314,041701704
1123644314,040183262
1123644314,041778235
1123644314,041872762
1123644314,040181839
1123927022,040120465
1123928916,041261534
1124202757,118525069
1124202757,040470466
1124202757,040114139
1124202757,040154823
1124202757,04076527X
1124202757,040493962
1124202757,040603555
1124202757,040156028
1124507019,1016429800
1124507019,040602303
1124507019,040605957
1124902562,040262235
1124902562,041804910
1124902562,041375440
1125044241,04064037X
1125044241,040335690
1125044241,040223922
1125104864,04054608X
1125104864,040491978
1125104864,986505560
1125104864,042264200
1125229918,040564312
1125229918,040352544
1125229918,041628640
1125229918,041900219
1125229918,040563995
1125229918,1014675839
1125229918,1019753552
1125461594,040714977
1125461594,040352625
1125461594,041557417
1125541288,040221539
1125541288,041502175
1125541288,04049716X
1125541288,040157016
1125541288,040183378
1125929316,967555604
1125929316,041209818
1125929316,040166066
112612365X,1148362002
1126197157,040014460
1126197157,040318834
1126197157,040773493
1126197157,040264823
1126216712,040459772
1126216712,04054365X
1126216712,04316613X
1126216712,04148259X
1126216712,041535219
1126216712,1251891020
1126254452,040789217
1126254452,04113446X
1126254452,040736792
1126254452,040316300
1126524956,040212793
1126524956,041274946
1126524956,041703839
1126524956,040143279
1126524956,041506340
1126895326,040005712
1126895326,041619536
1126895326,041358384
1126895326,042946115
1126895326,04061963X
1127044397,949107816
1127044397,041618203
1127044397,041370422
1127044397,042299799
1127044397,945735170
1127044397,04173534X
1127045377,940431181
1127045377,041405900
1127045377,040183688
1127045377,041844998
1127045377,040690083
1127045377,98972381X
1127075470,041985788
1127075470,949695505
1127193538,041352319
1127193538,041887379
1127194852,04010074X
1127194852,040332292
1127626248,040702464
1127626248,040605957
1127626248,041858530
1127626248,041252179
1127678930,04060344X
1127678930,040344533
1127678930,040344509
1127678930,04198756X
1127678930,041758749
1127957120,040334228
1127957120,041332326
1127957120,041298950
1128033682,040611639
1128033682,040028054
1128033682,040714977
1128033682,040037894
1128033682,04200053X
1128033682,040118827
1128074389,122203364
112811643X,124695329
1128151618,041654544
1128151618,040646890
1128151618,040142884
1128151618,040587827
1128151618,1012064581
1128151618,041544722
1128151618,1233691511
1128151618,040663876
1128151618,040664244
1128151618,04154773X
1128265826,981394035
1128265826,041989147
1128265826,041401956
1128265826,1127660101
1128407175,040654680
1128407175,957319304
1128407175,040120058
1128407175,040232484
1128506513,040621588
1128506513,040234932
1128506513,04075152X
1128506513,041949412
1128594420,041210948
1128594420,040398277
1128649829,040027309
1128649829,040059820
1128649829,040027376
1128649829,040558797
1128649829,040557324
112873415X,040616193
112873415X,041793129
112873415X,042936578
112873415X,040013022
112873415X,040785238
112873415X,041215559
1128818442,041823389
1128818442,041496248
1128818442,041777735
112881899X,040777049
112881899X,041377184
112881899X,040563979
112881899X,965002845
1128996685,040600874
1128996685,040178943
1128996685,040628620
1128996685,040457915
1129003566,040118827
1129003566,041239288
1129003566,040111342
1129003566,1105568555
1129105377,040050335
1129105377,04209514X
1129105377,040507084
1129105377,04130621X
1129105377,040013170
1129105377,965227146
1129105377,04015016X
1129229319,040709590
1129229319,948481390
1129229319,041385659
1129229319,040490750
1129229319,941752380
1129229319,040475344
112939302X,040476898
112939302X,041126289
112939302X,040258017
1129409880,040118827
1129409880,040052273
1129409880,041987217
1129409880,041546806
1129409880,040762173
1129451992,041956664
1129451992,041636295
1129451992,041256735
1129451992,041346629
1129451992,040550729
1129556387,040475115
1129556387,04057833X
1129956687,042058953
1129956687,040322319
1129956687,041596536
1129956687,041696123
1129956687,042753775
1129956687,040565610
1129956687,041760743
112995675X,040128148
112995675X,041140117
112995675X,041230655
112995675X,968312543
112995675X,041346815
1130066061,040478432
1130066061,985591609
1130066061,1012624110
1130066061,041747976
1130066061,04062658X
1130066061,040143155
1130119815,040428559
1130119815,043274587
1130119815,041499239
1130119815,04146351X
1130119815,042059909
1130544125,040118827
1130544125,041879767
1130544125,041209265
1130544125,040024660
1130544125,941001113
1130544125,040631494
1130544125,041428056
1130544125,04160329X
1130545784,043220819
1130545784,04136726X
1130545784,041270185
1130545784,04127850X
1130587088,041837738
1130587088,041805089
1130587088,040676870
1130587088,041855493
1130869598,041411277
1130869598,04002783X
1130869598,041338715
1130869598,041818679
1130869598,040540456
1130922367,041143817
1130922367,964789736
1130922367,040665860
1131254252,041701852
1131254252,945177151
1131254252,041863925
113131378X,041517954
113131378X,040567834
113131378X,041263928
113131378X,041254678
1131644484,965501019
1131644484,998134988
1131644484,041250117
1131644484,042002346
1131707060,041432584
1131707060,941398722
1131707060,959847510
1131707060,041146204
113192200X,042131286
113192200X,040153320
113192200X,040430472
113192200X,040200698
1132111412,040475115
1132111412,040784606
1132111412,042764599
1132111412,042377552
1132288681,040474410
1132289211,040118827
1132289211,040667898
1132320550,040408434
1132320550,040620050
1132320550,040063119
1132320550,041708008
113232081X,040118827
113232081X,041514343
113232081X,040775704
113232081X,040066673
113243419X,040149544
113243419X,04014948X
113243419X,04198756X
113243419X,04065365X
113243419X,041206703
113243419X,040149579
113243419X,040038416
1132554950,040003175
1132554950,042358396
1132554950,040592057
1132554950,955708869
1132772095,043164137
1132776120,041996798
1132776120,041924096
1132776120,041849450
1132934001,041263464
1132934001,1190608006
1132934001,042802970
1133021174,040352447
1133021174,040352544
1133021174,040699943
1133021174,041326083
1133021174,040152243
1133021174,040563669
1133021174,040205886
1133021174,040307026
1135116989,040757390
1135116989,977595927
1135116989,040205487
1135134464,042787475
1135134464,040160742
1135134464,041888057
1135134464,041232755
113518450X,040785998
113518450X,041410793
113518450X,101046003X
113518450X,96639481X
1135687927,040559645
1135687927,041774094
1135687927,040394158
1135687927,040447375
1135687927,04009006X
1135687927,041317513
1135687927,040628019
1135919259,041297563
113592273X,04037372X
113592273X,972552642
113592273X,949134651
113592273X,040289370
113592273X,040318834
113592273X,041603494
113592273X,041324838
113596372X,040128148
113596372X,042141516
113596372X,041448650
113596372X,041209427
113596372X,040217914
113596372X,040384039
1136024298,007652879
1136024298,04160329X
1136024298,041134826
1136024298,040643026
1136024298,041217004
1136024298,041876806
1136135057,050582267
1136135057,040426238
1136135057,042474825
1136135057,041317173
1136285687,040685969
1136285687,04145622X
1136285687,041670167
1136322604,040426408
1136322604,04062787X
1136421777,040709590
1136421777,042720184
1136421777,041858646
1136421777,041524705
1136471588,96987071X
1136471588,041609093
1136471588,041328612
1136471588,1103519999
1136471588,041322797
1136471588,041280962
1136471588,041448642
1136471588,041426886
1136660569,040479897
1136660569,041739736
1136660569,041907647
1136724575,975860542
1136724575,042449812
1136724575,042793939
1136724575,042709202
1136724575,041285018
1136724575,041157109
1136945946,041985915
1136945946,040694186
1137003294,040714977
1137003294,04124995X
1137003294,040180417
1137054387,041788125
1137054387,041299604
1137054387,043113729
1137054387,041524705
1137054387,040319725
1137211555,04008003X
1137211555,04046539X
1137211555,04066466X
1137211555,040325245
1137466804,040118894
1137466804,040784355
1137466804,041143337
1137466804,040334236
1137466804,040557626
1137466804,041659643
113782896X,040588122
113782896X,043043313
113782896X,040477460
113782896X,040055655
113782896X,041481143
1137919450,040462838
1137919450,040324923
1137919450,041310284
1137919450,94159002X
1137919450,041702972
1137919450,040550729
1138135038,040781682
1138135038,04070792X
1138135038,941957977
1138135038,041715896
1138135038,975486896
1138135038,042319285
1138233994,041424069
1138233994,040707040
1138233994,04053541X
1138233994,040223507
1138233994,040354202
113827965X,040059405
113827965X,040189686
113827965X,040375897
113827965X,999201387
113827965X,041557360
1138280321,040206432
1138280321,041737369
1138280321,953232050
1138280720,040408027
1138280720,041341902
1138280720,118547739
1138285811,040118827
1138285811,040554090
1138285811,040791637
1138285811,040589005
1138285811,041539400
1138286052,118500775
1138286052,041708725
1138286052,040597873
1138286052,040470687
1138359777,04042362X
1138359777,041844599
1138359777,944253407
1138359777,950237280
1138359777,041760204
1138757675,041420659
1138757675,040360342
1139252232,041276159
1139252232,968893724
1139252232,040493652
1139252232,041851188
1139252232,042968208
113948236X,040379493
113948236X,040223493
113948236X,040350967
113948236X,040710343
113948236X,040473767
1139604139,041696786
1139604139,041517679
1139604139,040068420
1139604139,040316483
1139604139,041517652
1139604139,94618058X
1139961586,040118827
1139961586,04066399X
1139961586,040558983
1140165453,04129047X
1140165453,040187764
1140165453,040785998
1140176951,040118827
1140176951,041253086
1140176951,041157168
1140176951,041740866
1140176951,040717976
1140176951,041916727
1140486705,940712849
1140486705,04126827X
1140486705,942632087
1140486705,041221664
1140486705,040781682
1140486705,040649377
1140486705,042012023
1140641751,000356506
1140641751,041137159
1140641751,040750922
1140641751,040228983
1140641751,041950216
1140641751,040577996
1140760920,040118827
1140760920,040014460
1140760920,040410307
1140760920,040795837
1141177110,960963405
1141177110,041474619
1141177110,947461299
1141177110,992096200
1141177110,041596536
1141177110,042789257
1141177110,042792193
1141177110,041944178
1141177110,042179610
1141177110,042798728
1141225263,040526925
1141225263,040710459
1141225263,042961785
1141225263,963446827
1141225263,040052273
1141230429,946325502
1141230429,041674138
1141230429,991253833
1141230429,041385659
1141230429,041289129
1141230429,04224191X
1141230429,961919310
1141230429,041406605
1141230429,041691482
1141295652,040052273
1141626462,041877616
1141626462,040154319
1141626462,04187756X
1141626462,040198529
1141630826,040528154
1141630826,041750934
1141630826,04192147X
1141630826,041968646
114179313X,041551567
114179313X,041839544
114179313X,040694569
114179313X,042064783
114179313X,041987217
114179313X,040775704
114179313X,040057097
114179313X,040184218
114179313X,040124754
1141906198,040790487
1141906198,040288080
1141906198,041256980
1141906198,040013073
1142450295,041481143
1142450295,040586405
1142450295,041264576
1142527107,040118827
1142527107,040111520
1142527107,041739086
1142527107,04003559X
1142527107,040111342
1142527107,1105568555
1142528189,118616366
1142528189,040039390
1142659496,040189686
1142659496,040375897
1142659496,961739223
1142730921,041286502
1142730921,040254054
1142730921,041165683
1142730921,041233050
1142920429,041748565
1142920429,041578198
1142920429,041513444
1142920429,041403797
1142920429,041525469
1142920429,940674432
1142920429,04154126X
1142920429,940180685
1143065301,961543965
1143065301,041877632
114306562X,995800995
114306562X,040567303
114306562X,040087670
114306562X,040136736
1143067347,041884175
1143067347,041454197
1143067347,041922417
1143067347,957627521
1143067347,04077628X
1143067347,971576181
1143231066,041323408
1143231066,041841182
1143231066,042567092
1143231066,040783723
1143231066,1361625384
1143440366,040432718
1143440366,040118827
1143440366,040772586
1143440366,040108775
1143440366,041670213
1143440366,040608107
1143440366,040136566
1143440366,04078570X
1143539850,000904910
1143539850,041535723
1143539850,042090377
1143539850,94910938X
1143539850,040054616
1143539850,04148259X
1143696034,042119898
1143696034,041263928
1143696034,040351653
1143696034,040339718
1143696034,042789257
1143766849,1009438360
1143766849,987895397
1143766849,04113446X
1143766849,041873572
1143766849,040479684
1143766849,041289455
1143766849,040746720
1144015758,040464962
1144015758,041730747
1144015758,972287116
1144015758,040066673
1144015758,041157168
1144015758,1001634721
1144015758,040465268
1144015758,040114139
1144133025,1057904988
1144133025,04186848X
1144133025,040763080
1144133025,041138163
1144133025,964181266
1144379393,040436659
114439645X,041282639
114439645X,041686977
114439645X,041663675
114439645X,041254899
114439645X,940812835
1144401380,121263959
1144615712,041900073
1144615712,041297598
1144615712,970679645
1144619165,041580672
1144619165,041312864
1144619165,042600979
1144619165,1046924427
1144619165,04122146X
1144619165,946789827
1144620015,1017248184
1144620015,041142500
1144805422,040337006
1144805422,040148742
1144805422,956438350
1144805422,972096280
1144805422,040626563
1144805422,040622665
1147295425,040709590
1147295425,040201368
1147295425,041221664
1147295425,950555169
1147295425,041327179
1147295425,942785444
1147295425,041251547
1147295425,040436802
1147295425,967179327
1147295425,040067807
1147295425,971747407
1147344930,040397858
1147344930,1262258251
1147344930,041441265
1147344930,041995686
1147344930,040491870
1147907749,040035247
1147907749,040457915
114790796X,040163970
114790796X,04204779X
114790796X,1127148958
1147924643,041953800
1147924686,040582167
1147924686,041401247
1147924686,040741680
1147924686,041156137
1148375392,040024067
1148375392,1238387624
1148375392,040153584
1148375392,040479668
114838782X,04066399X
114838782X,041924096
114838782X,1102915882
114838782X,944720374
1148475834,04051238X
1148475834,042961785
1148475834,041176367
1148475834,04010074X
1148658203,040026418
1148658203,041264126
1148658203,041365844
1148658203,04002752X
1148658203,974041238
1148749128,041475968
1148749128,040676757
1148749128,041632354
1148749128,043262724
1148749128,1072430339
1148870970,041143337
1148870970,041206320
1148870970,040335976
114887884X,041263928
114887884X,041508033
114887884X,040351653
114887884X,040169162
114887884X,040617068
114887884X,042402174
114904943X,040310310
114904943X,043232744
114904943X,040325806
114904943X,042049733
114951390X,041607139
114951390X,946952590
114951390X,1188049933
1149628081,040157016
1149628081,040035247
1149628081,959262555
1150059281,002176866
1150059281,041828356
1150059281,964381699
1150059281,041230655
1150059281,041618173
1150123761,040067807
1150123761,040778215
1150123761,042777097
1150123761,948083808
1150123761,041759923
1150123761,043063942
1150123761,955687659
1150160845,004116968
1150160845,963150790
1150160845,115579382X
1150238119,041136004
1150238119,041236157
1150238119,041710827
1150238119,041728750
1150238119,970410212
1150238119,961557591
1150510951,040118827
1150510951,041277465
1150510951,040175987
1150510951,041324110
1150510951,040051846
1151103810,004779800
1151103810,040786099
1151103810,042381142
1151103810,040664902
1151103810,041546172
1151103810,040701026
1151496499,040086909
1151496499,040382419
1151792918,041277473
1151792918,041231538
1151792918,1217543678
1151792918,96798145X
1151792918,041291476
1151792918,040052273
1152058762,042525799
1152058762,042437180
1152058762,040264823
1152058762,1246949830
1152077627,040992748
1152077627,041248546
1152077627,119035316
1152077627,040171027
1152078283,040598446
1152078283,041392507
1152138405,041250494
1152138405,040574474
1152138405,042242142
1152139436,949276324
1152139436,04128271X
1152139436,042465990
1152210823,040118827
1152210823,040651096
1152210823,041660854
1152210823,945130562
1152210823,040398277
1152211005,118511262
1152211005,042679990
1152211005,040307026
1152211005,040465144
1152211005,040332039
1152211005,042286069
1152211005,040064395
1152265377,040118827
1152265377,041374797
1152322559,116804831
1152322559,300064837
1152322559,041209818
1152437615,042628768
1152437615,041369254
1152437615,950345555
1152437615,042528399
1153062739,040802493
1153062739,04003920X
1153062739,040181847
1153062739,040768996
1153325071,040362108
1153325071,040786048
1153325071,99018773X
1153326590,99018773X
1153326590,041275829
1153326590,042743249
1153326590,041215907
1153408112,041710770
1153408112,041253337
1153408112,04010141X
1153408112,041143884
1153408112,041312562
1153408112,04075166X
1153408112,040719650
1153408112,04041003X
1153474700,04062661X
1153474700,041410459
1153474700,041767888
1153474700,041702972
1153474700,96473222X
1153476959,040760014
1153476959,960175504
1153476959,041654358
1153476959,950271020
1153476959,041915690
1153480468,041517954
1153480468,041535537
1153480468,041654358
1153480468,041291476
1153480867,041263928
1153480867,040351653
1153480867,955009898
1153480867,116048743X
1153480867,041751280
1153484358,04062661X
1153484358,94613975X
1153484358,1151838586
1153484358,04148911X
1153484358,04148259X
1153485109,960767053
1153485109,041302664
1153485109,041321650
1153485109,040629627
1153489929,041654234
1153489929,04139402X
1153489929,041915690
1153489929,041216776
1153489929,041353692
1153503484,042723116
1153503484,041339223
1153503484,042090350
1153504677,042723116
1153504677,041281500
1153504677,1149086939
1153504677,042275636
1153504677,040192784
1153504677,041573749
1153504677,940988372
1153504677,040708918
1153504677,042326540
1153504677,945544987
1153505444,04128805X
1153505444,969774206
1153505444,040351653
1153505444,042058953
1153548054,04131946X
1153548054,040443213
1153548054,040351173
1153611678,949276324
1153611678,041731727
1153611678,041373464
1153611678,1264956134
1153768100,040432076
1153768100,040162168
115430700X,040267512
115430700X,95598971X
115430700X,040557294
115430700X,041784057
115430700X,040664392
115430941X,041609166
115430941X,043245676
115430941X,041530632
115430941X,041525639
115430941X,974191523
115430941X,041708814
115430941X,941779599
1154486206,04022838X
1154486206,04113446X
1154486206,97200923X
1154486206,040307468
1154555313,040566188
1154555313,040307026
1154665070,040384160
1154665070,041832108
1154665070,041234472
1154665070,040397130
1154665070,040574474
1154680509,13411177X
1154680509,041750330
1154680509,040465594
1154680509,1019457317
1154840557,041579062
1154840557,042713994
1154840557,94097911X
1154840557,040271455
1154840557,04115746X
115493120X,041143353
115493120X,042192218
115493120X,041574109
115493120X,041264576
115493120X,041660773
115493120X,968818374
115493120X,040325229
115493120X,95754068X
115493120X,041156730
115493120X,04267316X
1154941035,949276324
1154941035,042465990
1154941035,040270890
1154964612,04112667X
1154964612,04124608X
1154964612,1115819186
1154986241,940540916
1154986241,041386485
1155083113,040310035
1155083113,041555856
1155083113,041124510
1155083113,042468779
1155083113,041253663
1155083113,042848512
1155083113,040479684
1155083113,040676897
1155085531,1187666564
1155085531,042695112
1155085531,040708918
1155085531,041413199
1155085531,04192147X
1155085531,042798728
1155085949,040528154
1155085949,041750934
1155085949,041741048
1155085949,04168706X
1155085949,041596536
1155085949,040299198
1155085949,041311329
1155085949,042179610
1155085949,040004937
1155086317,041753275
1155086317,940589761
1155086317,042793238
1155086317,040124843
1155086317,970830335
1155086317,041596536
1155086317,041435184
1155086317,04175249X
1155086317,041413199
1155086317,945544987
1155086317,042360889
1155086627,042695112
1155086627,041753275
1155086627,941222357
1155086627,041207424
1155086627,041504844
1155086627,040336964
1155086627,041645405
1155303024,042404428
1155303024,041157168
1155303024,04197011X
1155338138,041654234
1155338138,041654412
1155338138,103238512X
1155338138,041165225
1155338138,952932202
1155338138,041940202
1155359232,007636040
1155359232,040090167
1155359232,041889320
1155359232,041877535
1155360303,121100928
1155360303,040499235
1155360303,04186820X
1155360303,04113446X
1155360303,040731316
1155521161,040268616
1155521161,967179327
1155521161,941370445
1155521161,041232755
1155521161,043087787
1155521161,959342257
1155533046,041748565
1155533046,940589761
1155533046,041596536
1155533046,040767876
1155533046,040299198
1155533046,041233778
1155533046,041908880
1155637267,040118827
1155637267,041932420
1155637267,04139402X
1155637267,041230655
1155637267,043084168
1155637267,1308550189
1155638247,1072179776
1155638247,1100731156
1155638247,041127366
1155691067,040223493
1155691067,040379493
1155691067,042064953
1155691067,040746178
1155691067,954394011
1155760611,04005988X
1155760611,1032746432
1155760611,981212956
1155760611,043054595
1155760611,043261094
1155786424,040710130
1155786424,043147267
1155786424,041943635
1155786424,961720069
1155788125,940431181
1155788125,043221874
1155788125,041276000
1155788125,980302455
1155788125,040766055
1155788125,941679519
1155969162,040408027
1155969162,953407497
1156173027,040300463
1156173027,043242693
1156173027,042125979
1156173027,041698169
1156186226,04133955X
1156186226,040176215
1156186226,953714047
1156186226,041501993
1156186226,041306767
1156186226,042765293
1156186226,041172655
1156186226,042090377
1156186226,04113933X
1156444004,040425703
1156444004,040037479
1156444004,040569950
1156444004,041127625
1156444004,944445268
1156445868,040408434
1156445868,96293934X
115646255X,04154773X
115646255X,040040372
115646255X,041989147
115646255X,041369157
115646255X,042617154
115646255X,96473222X
1156602793,040546845
1156602793,04153283X
1156780357,041846699
1156780357,041912632
1156780357,041233786
1156780357,04129002X
1156780357,042107334
1156901138,963781227
1156901138,942388445
1156901138,042372038
1156901138,1020174471
1158597606,041306155
1158597606,041999258
1158597606,040557839
1158597606,040289443
1158597606,04037680X
1159622140,040450643
1159622140,94955801X
1159622140,040542300
1159632871,041412990
1159632871,945466633
1159632871,043088309
1159632871,041232755
1159642109,04113270X
1159642109,041319567
1159642109,04010110X
1159642109,040464490
115990040X,040272540
115990040X,041215567
115990040X,1290619263
1160157855,963483927
1160157855,04062644X
1160157855,041544099
1160182043,040329348
1160182043,042234549
1160182043,040715205
1160182043,043212808
1160303835,040541517
1160303835,040158330
1160309159,040245969
1160309159,041374924
1160309159,040265358
1160309159,040368246
1160309159,040066320
1160312516,040656047
1160312516,041245296
1160312516,040646890
1160312516,041204670
1160312516,953491943
1160312516,994520042
1160313199,040157016
1160313199,940431181
1160340196,118540041
1160344256,041239865
1160344256,041156064
1160344256,95668193X
1160345309,98415941X
1160345309,104188639X
1160347549,040441962
1160347549,04152229X
1160347549,041410467
1160347549,040641767
1160347549,041851455
1160347549,96473222X
1160347549,1008600296
1160405476,040302822
1160405476,040468119
1160405476,041635817
1160428581,981394035
1160428581,041394593
1160428581,041608356
1160428581,1127660101
1160428581,040162788
1160428581,042048206
1160684456,940540916
1160684456,946675724
1160684456,041451597
1160810044,040777049
1160810044,04131946X
1160810044,945262779
1160819106,043242758
1160819106,04158659X
1160819106,042725224
1160819106,041727703
1160819106,041256395
1160819106,040135853
1160819106,942057228
1161047190,040273660
1161047190,042042402
1161047190,041875230
1161047190,000357065
116113929X,041951034
116113929X,041369777
116113929X,04073840X
1161334262,1065013035
1161334262,041328302
1161334262,041402308
1161334262,043261094
1161334262,041215907
116134005X,040114740
116134005X,040575616
116134005X,04057329X
116134005X,940540916
1161410635,949276324
1161410635,042465990
1161410635,04128271X
1161410635,040270890
116141536X,040666123
1161530339,965758605
1161530339,043266029
1161530339,1361630396
1161530339,041708830
1161530339,041735447
1161649263,041172205
1161843655,1046235370
1161843655,040790096
1161843655,040762173
1161843655,041295218
1161843655,040114139
1161843655,041731727
1161976892,982398735
1161976892,041513460
1161976892,1124488332
1161976892,040228983
1162048484,040349284
1162048484,95421689X
1162048484,040295672
1162048484,042060184
1162129948,040537706
1162129948,04003920X
1162129948,040175987
1162129948,040621634
1162263644,040118827
1162263644,04002623X
1162263644,041239288
1162263644,040111342
1162556811,000362255
1162556811,040728110
1162556811,041296230
1162556811,042261074
1162642149,041243277
1162642149,042021642
1162642149,041638638
1162642149,041858522
1162797282,007314752
1162797282,040240762
1162797282,041739442
1162797282,041132157
1162797282,951526863
1162955171,040525724
1162955171,04003500X
1162955171,041696263
1162955171,040160629
1163010065,040118827
1163010065,041988795
1163010065,041760743
1163236403,040620034
1163236403,040734366
1163236403,041294645
1163274550,962804401
1163274550,1361632011
1163274550,041399579
1163274550,042741238
1163274550,126211599X
1163274550,04291339X
1163281972,040088588
1163281972,956220495
1163281972,042569605
1163281972,040037886
1163281972,040508633
1163281972,042474906
1163320811,04042362X
1163320811,041841409
1163320811,940180685
1163320811,041749847
1163320811,961014318
1163536393,04202787X
1163536393,040457907
1163536393,1150339284
1163536393,040791637
1163536393,040393569
116362781X,950582824
116362781X,041351347
116362781X,042975433
116362781X,040026418
1163664634,040014460
1163664634,985262818
1163664634,040156028
1163780723,040118827
1163780723,041125606
1163780723,041365062
1163780723,040762173
1163780723,985576723
1163780723,040557367
1163780723,041640179
1163805564,040085287
1163805564,041270835
1163805564,04291096X
1163805564,964702355
1163937541,04046699X
1163937541,041555856
1163937541,040550095
1163937541,041435184
1163937541,957519273
1163937541,040788598
1163937541,040479250
1163937541,041635817
1164001299,041909488
1164001299,040774473
1164001299,041912713
1164001299,041305817
1164001299,041701216
1164001299,04319737X
1164001299,041411056
1164001299,940008033
1164001299,1155439686
1164001299,943571987
1164001299,04113933X
1164001299,041741498
1164071335,04007403X
1164071335,041824768
1164428314,995996776
1164428314,041762622
1164428314,041740874
1164428314,040449033
1164428314,041291867
1164433067,1105568555
1164433067,04061963X
1164763814,041132920
1164763814,040359646
1164763814,1192691717
1164763814,1007715561
1165132826,040118827
1165132826,040449033
1165132826,041317785
1165132826,040327868
1165132826,040328325
1165132826,041157109
116514137X,040118827
116514137X,040237443
116514137X,040614077
1165304821,040118908
1165304821,1000070719
1165304821,042329078
1165304821,041365062
1165304821,040465268
1165304821,041426800
1165304821,04076527X
1165460580,040223493
1165460580,040037479
1165460580,04126892X
1165460580,042453984
1165503069,040157016
1165503069,040004643
1165503069,042451450
1165826097,040118827
1165826097,040717968
1165826097,979308925
1165826097,040631915
1165826097,041316657
1165826097,041819950
1165826097,04160329X
1166068315,040495078
1166068315,041343190
1166068315,042124905
1166068315,041223306
1166068315,041289676
1166074331,041268237
1166074331,040737888
1166074331,041136543
1166074331,041680812
1166260283,040118827
1166260283,040344215
1166260283,04007367X
1166260283,042735319
1166260283,040695689
1166260283,043264646
1166293890,118532758
1166559734,040739953
1166559734,040538613
1166559734,997859024
1166559734,040266559
1166559734,041910532
1166559734,040711846
116658058X,118616242
116658058X,041134745
116658058X,040267490
116658058X,04049716X
116658058X,040992578
1166756920,04039395X
1166756920,041562674
1166756920,041336003
1166756920,041986059
1166756920,040197026
1166756920,040272516
1166756920,1062915038
1166756920,040452425
1166756920,040595498
1166932486,040035794
1166932486,953102424
1166932486,1185525483
1166957853,041421434
1166957853,041645383
1166957853,042218802
1166957853,041507355
1166957853,040463044
1166957853,041542657
1167194500,041985788
1167194500,041708687
1167194500,041249828
1167195140,041734793
1167195140,040271455
1167195140,04115746X
1167244192,041722469
1167244192,041892992
1167244192,040794687
1167244192,04113429X
1167244192,04030910X
1167244192,041227557
1167244192,041370422
1167344413,958164371
1167344413,043061699
1167344413,040135853
1167363299,040118827
1167363299,040245969
1167363299,041396863
1167363299,041927702
1167363299,949424315
1167370716,040709140
1167370716,040607194
1167370716,040418022
1167663152,040033384
1167663152,040124754
1167663152,040465632
1167691318,1072179776
1167691318,041239849
1167691318,942388445
1167691318,041230655
1167717139,040348709
1167717139,040631184
1167717139,944456960
1167717139,040055418
1167800532,043063284
116832341X,041132920
116832341X,041254244
116832341X,041612787
116832341X,041136179
116832341X,041657292
1168324165,118547739
1168324165,040761649
1168380049,040118827
1168380049,964675765
1168380049,040693406
1168380049,040473767
1168380049,041126289
1168380049,041176227
1168380049,042088534
116872144X,041332628
116872144X,1138303283
116872144X,040775704
1168723760,042875056
1168723760,041541898
1168900603,984023801
1168900603,040776069
1168900603,041332628
1168900603,04141621X
1168900603,041235568
1169300081,040118827
1169300081,040762157
1169300081,041889096
1169300081,04229763X
1169300081,1208516159
1169300081,040348342
1169300928,042074282
1169300928,040039889
1169300928,041896475
116941379X,040567834
116941379X,040435334
116941379X,040143155
116941379X,1023745712
116941379X,041254678
1169520421,041609093
1169520421,1177444216
1169520421,040763889
1169520421,04126830X
1169538762,1024265765
1169538762,04120719X
1169538762,041644395
1169538762,041250826
1169538762,040712354
1169568696,004149696
1169568696,040762297
1169568696,040728854
1169652832,042741238
1169652832,041613589
1169652832,947788956
1169652832,1361634553
1169652832,041708520
1170015433,1158394187
1170015433,041157168
1170015433,953102424
1170015433,042784697
1170020747,041591038
1170020747,041165225
1170020747,955915252
1170047475,958020027
1170047475,040013073
1170047475,040580474
1170395384,040676609
1170395384,040598160
1170395384,04013086X
1170395384,04175378X
1170395384,042642868
1170395384,043194087
1170395384,040306658
1170395384,041703707
1170395384,041745183
1170583008,040036146
1170583008,040491706
1170583008,040408027
1170583105,040181456
1170583105,040449254
1170892078,040992535
1170892078,04049716X
1170892078,119393603
1170892078,946172501
1170892078,970879423
1170914837,963767429
1171069243,040701026
1171069243,040187764
1171428510,04061963X
1171428510,1299843611
1171428510,949746983
1171428510,041970349
117163207X,040118827
117163207X,040391639
117163207X,040512010
117163207X,040667685
117163207X,1007196165
117163207X,041697944
117163207X,04160329X
1172071926,989749401
1172071926,040145166
1172071926,1103153382
1172071926,1227961537
1172154643,987608886
1172346690,948728043
1172346690,1360369317
1172346690,043266029
1172346690,040120406
1172346690,040597989
1172414092,1178157350
1172414092,1178153355
1172414092,959364080
1172414092,040767590
1172414092,041322770
1172414793,04179589X
1172414793,040039579
1172414793,042090377
1172414793,1069505412
1172527814,041325796
1172634696,11850553X
1172634696,986135372
1172634696,04147886X
1172809674,041412990
1172809674,041366700
1172809674,04045570X
1172809674,948008059
1172809674,040201368
1172809674,041789547
1173194479,1059654830
1173194479,1059654814
1173194479,04049716X
1173194479,040359646
1173194479,041248546
1173400354,040777049
1173400354,040350932
1173420290,300112009
1173587160,041271173
1173587160,041230655
1173587160,041297210
1173587160,043261094
117397797X,040164942
117397797X,040654494
1174064234,953572072
1174064234,040027627
1174064234,964751038
1174128534,040085287
1174128534,042002303
1174128534,1360472983
1174128534,041270835
1174181958,040157016
1174181958,040175987
1174181958,040176045
1174181958,040775704
1174295430,040437744
1174295430,041655494
1174295430,1019842695
1174295430,040581365
1174295430,04227561X
1174295430,941675033
1174428589,040118827
1174428589,040321878
1174512512,040386392
1174512512,040592057
1174687878,04061963X
1174687878,940762439
1174687878,040714977
1174687878,04006204X
1174687878,040693775
1174687878,988072351
1174687878,041365844
1174958820,040477010
1174958820,040477045
1175343293,1121816355
1175343293,040378055
1175343293,041651006
1175380695,100374446X
1175380695,971923515
1175380695,1164030825
1175380695,043261094
1175380695,041446798
1175878146,943066085
1175878146,960324186
1175878146,043266029
1175878146,041922948
1175878146,1077205104
1175878146,042005094
1175878146,041886127
1175878146,041132408
1175878146,041208064
117595053X,041412990
117595053X,041625528
117595053X,043147402
117595053X,04206693X
1176020900,042452333
1176020900,040399672
1176020900,040768996
1176020900,041155890
1176020900,106969780X
1176106872,040553027
1176106872,040392899
1176106872,041142217
1176106872,041268237
1176106872,957319304
1176131788,040396878
1176131788,041126033
1176131788,965196844
1176131788,04315011X
1176176374,040118827
1176176374,040212165
1176176374,040732746
1176176374,040163970
1176176374,040205487
1176176374,1009242296
1176176374,040164187
1176177397,040118908
1176177397,043021824
1176177397,040350932
1176177397,041326938
1176177397,041368126
1176177397,04033581X
1176638548,040614573
1176638548,1264096712
1176638548,040575780
1176638548,040763080
1176638548,972487697
1176701487,961739223
1176701487,040318834
1176701487,040368246
1176701487,041951034
1176701487,040431835
117670785X,040422054
117670785X,040344215
117670785X,041790529
117670785X,040073696
117670785X,103216963X
117670785X,040385442
117680975X,042985307
117680975X,955143799
117680975X,040422844
117680975X,974041238
117680975X,040039749
117680975X,041716000
117680975X,04071781X
1177045281,040688666
1177045281,041748190
1177045281,040149757
1177045281,040599647
1177045281,981343252
1177045281,959847510
1177045281,040201368
1177045532,041339223
1177045532,041760727
1177045532,041423429
1177045532,042600170
1177045532,040565939
1177045532,942373596
1177045532,040193306
1177045532,041707257
1177108089,040760014
1177108089,040122115
1177108089,041410459
1177108089,042048206
1177120194,041509072
1177120194,041313135
1177120194,041243102
1177120194,976280817
1177120194,043225772
1177120194,940988372
1177120194,041556844
1177120194,042326540
1177120194,041596536
1177147971,040014460
1177147971,040592057
1177147971,040139433
1177147971,041566017
1177147971,04200408X
1177248212,118540238
1177248212,04049716X
1177248212,118506803
1177248212,04059758X
1177249499,040014460
1177249499,967279453
1177249499,041173457
1177249499,041257537
1177249499,043186726
1177249499,04071781X
1177286254,040475115
1177286254,1360486585
1177286254,1053593015
1177545837,138159963
1177546574,00465739X
1177546574,040441962
1177546574,1013193407
1177546574,1307072798
1177546574,041410440
117754895X,040122115
117754895X,041977009
117754895X,041456580
117754895X,1031225951
1177611988,118575449
1177611988,040599795
1177611988,953827860
1177611988,04049716X
1177611988,040489469
1177611988,040475387
1178009068,040118827
1178009068,042868688
1178009068,040783154
1178009068,042090156
1178009068,040022579
1178009068,041431804
1178009947,040708918
1178009947,04128805X
1178009947,042468779
1178009947,042723116
1178009947,041392507
1178009947,040083934
1178009947,042302633
1178115453,946505225
1178115453,1167823958
1178115453,040412512
1178115453,952620758
1178130959,007722036
1178130959,040377970
1178130959,974675598
1178130959,042907012
1178147843,007722036
1178147843,040377970
1178147843,974675598
1178147843,042907012
1178163687,007722036
1178163687,040377903
1178163687,040664562
1178163687,974675598
1178163687,042907012
1178245713,041927230
1178245713,042943086
1178245713,042520932
1178245713,041305450
1178397807,040118827
1178397807,040664384
1178397807,040269442
1178397807,040295656
1178397807,041274512
1178397807,040431479
1178672093,041656393
1178672093,042782759
1178672093,040069028
1178672093,135958854X
1178672093,1028601360
1178762599,040452425
1178762599,040058573
1178762599,041649788
1178762599,041291867
1178762599,040059642
1178762599,040477045
1178791017,041216539
1178791017,041345916
1178815145,1008942340
1178815145,042641632
1178815145,042717353
1178815145,04155423X
1179236866,041549473
1179236866,04036660X
1179236866,972424547
1179236866,041781406
1179236866,041505069
117944891X,040567303
117944891X,041204743
117944891X,041139976
117944891X,040138984
117944891X,040630862
1179449126,1248325265
1179463242,041263146
1179463242,970934009
1179463242,04214003X
1179754220,1034183893
1179754220,040006042
1179754220,042479177
1179754220,040717968
1179909747,040448908
1179909747,041298349
1179909747,041782534
1179909747,94471062X
1180031962,041716310
1180031962,04185134X
1180031962,941041034
1180031962,960268375
1180032640,000259438
1180032640,04030745X
1180032640,041649486
1180526414,964972336
1180526414,1112574352
1180526414,041696476
1180803183,040031675
1180803183,979230233
1180803183,042578329
1181287723,953750922
1181287723,041154630
1181287723,040717038
1181329647,042171660
1181408547,040693422
1181408547,042276543
1181408547,04120509X
1181579139,040564428
1181579139,040470687
1181680964,042547059
1181680964,040360970
1181680964,004316770
1181680964,041134826
1181688973,040467813
1181688973,954763998
1181688973,04124933X
118179126X,043052967
118179126X,940741164
1181792967,1314965875
1181792967,040362329
1181792967,041966589
1181792967,041269640
1181797306,118558595
1181797306,118558587
1181797306,94059630X
1181797705,118607626
1181797705,118588893
1181797705,041153464
1181797705,043157785
1181854385,00497364X
1181856701,118592424
1182007341,969278233
1182007341,041541707
1182007341,041264576
1182007341,95132456X
1182084346,040324168
1182084346,040477460
1182165753,1013130499
1182165753,041143337
1182165753,04049716X
1182477593,136543537
1182477593,040674754
1182477593,040158330
1182540511,04079203X
1182540511,041201507
1182540511,041136152
1182540511,041132920
1182540511,040147770
1182540511,040359646
1182540511,988338904
1182677649,040790584
1182677649,041793110
1182677649,957724284
1182677649,041234022
1182677649,947929525
1182677649,04060540X
1182677649,042010845
1183126697,040118827
1183126697,040336395
1183126697,041143345
1183262396,041701852
1183262396,042068053
1183262396,040101622
1183262396,950962252
1183262396,945177151
118387880X,041596277
118387880X,042135206
118387880X,043099874
118387880X,040385752
1183914989,040667529
1183914989,040642143
1183914989,041355512
1183914989,040685985
1183914989,041715225
1184178879,040568342
1184178879,041310497
1184178879,041653246
1184178879,940836580
1184178879,042932300
1184292000,996275827
1184292000,949107816
1184292000,041134273
1184292000,96577595X
1184292000,041632370
1184292000,1147895856
1184298343,041542657
1184298343,040302822
1184879834,042723116
1184879834,041339223
1184879834,041760727
1184879834,942373596
1184887012,1018184600
1184887012,040613852
1184887012,041518888
1184887012,041685962
1185259341,041569334
1185259341,04077791X
1185339671,041753615
1185600329,992096200
1185600329,961449314
1185600329,041660714
1185600329,04228872X
1185600329,972714472
1185600329,040336816
1185600329,945798784
1185600329,041760743
1185653821,118559796
1185653821,118547739
1185653821,040756602
118576013X,118634313
118576013X,040632415
118576013X,040457915
1186046295,040232263
1186046295,97269093X
1186046295,041689089
1186046295,04113446X
1186046295,040334473
1186046295,041206975
1186046295,042131324
1186063033,041143337
1186063033,040006263
1186063033,041897188
1186063033,040377644
1186063033,041660439
1186063033,041235924
1186063033,040656853
1186071257,118611666
1186071257,040239969
1186143134,11854523X
1186143134,118547739
1186143134,118540238
1186143134,040476863
1186143134,040120589
1186206950,040436500
1186207345,041360982
1186207345,040469743
1186306181,981784518
1186306181,040762157
1186306181,040465268
1186330899,040350886
1186330899,040613887
1186330899,04012472X
1186330899,040207595
1186366249,041470893
1186366249,041407075
1186366249,968696724
1186374497,04061963X
1186374497,042039665
1186374497,040431886
1186374497,042017947
1186374497,041970349
1186406208,040611639
1186406208,040714284
1186406208,98885919X
1186412127,04200053X
1186412127,042453984
1186412127,04160198X
1186524731,040432718
1186524731,040027333
1186524731,95023026X
1186524731,04069335X
1186524731,040059839
118662485X,040946843
1186724544,040728854
1186794313,040182029
1186794313,040773493
1186794313,040732746
118692814X,041716078
118692814X,040355829
118692814X,040183262
118692814X,040097366
1186981369,040755606
1186981369,960676716
1186981369,040350886
1186981369,040533697
1186981369,040340538
1187062006,040611639
1187062006,041536622
1187062006,040118827
1187062006,040136604
1187062006,98885919X
1187062006,040318834
1187062243,119143666
1187062243,119419408
1187062243,11902277X
1187062243,118744895
1187062243,04049716X
1187062243,042221269
1187062243,040354326
1187062243,990706060
1187062340,040802469
1187062340,043177433
1187062340,041628977
1187062340,041127625
1187062340,041294068
1187062340,042569605
1187062340,041337344
1187067555,040005569
1187067555,040557073
1187067555,041750292
1187067555,041723856
1187067555,040557626
1187067555,041285972
118710115X,040118827
118710115X,04116489X
118710115X,041158067
118710115X,042157633
118710115X,041259637
118710115X,041175735
118710115X,041288602
118710325X,1028331568
118710325X,041868064
118710325X,043264646
1187137456,132538547
1187137456,040403645
1187137456,95598971X
1187137456,04250676X
1187137456,967303001
118713841X,040187764
118713841X,040714977
118713841X,041555732
118713841X,04131218X
118713841X,04200179X
1187144754,040749002
1187144754,040687945
1187144754,040227820
1187144754,040277437
1187144754,04168172X
1187144754,042239397
1187179396,040660095
1187179396,040319520
1187179396,041339975
1187180289,121220770X
1187180289,964066505
1187180289,041164342
1187180289,956401244
1187180424,04236194X
1187180424,041364104
1187180424,958375372
1187180858,11884556X
1187180858,041719875
1187194409,119504898
1187194409,040465632
1187194409,040355829
1187194409,040557855
1187194409,040320812
1187251089,041778626
1187251089,040178455
1187251089,041245253
1187251089,041596536
1187251089,041972953
1187251089,041489950
1187251089,042402174
1187251089,947982272
1187251089,040479250
1187251089,041645383
1187265330,04053474X
1187265330,1003532349
1187265330,040288595
1187265330,1227961537
1187273910,1069126748
1187273910,04061672X
1187275999,040559165
1187275999,040146065
1187275999,1098579690
1187275999,042131324
1187282200,040881199
1187282200,945155808
1187282200,041650034
1187282200,040628019
1187282200,041530950
1187340626,040542602
1187658421,04020989X
1187658421,040189686
1187661236,968635938
1188189239,040760014
1188189239,041608356
1188189239,041410440
1188189239,1127660101
1188189239,994520042
1188189239,04113432X
1188456466,040350932
1188456466,945262779
1188456466,040535347
1188456466,1044874414
118872570X,040794687
118872570X,04070792X
118872570X,042005760
118872570X,041709225
118872570X,1008155047
1188882287,041412990
1188882287,040760529
1188882287,041402642
1188882287,040497224
1188882287,04318717X
1188882430,940431181
1188882430,040558797
1188882430,040558924
1188882430,042364337
1188885367,940431181
1188885367,041701747
1188885367,040039749
1188885367,041173694
1188885367,040118827
1188885367,041213874
1188885367,040616436
1188885367,041137027
1188885367,041400054
1188885367,041173686
1188885367,960470123
118890440X,040768996
118890440X,040510425
118890440X,040566188
118890440X,040465144
1189005492,040118827
1189070987,969330235
1189070987,041992407
1189070987,1277285438
1189070987,042974887
1189419017,19915046X
1189419017,040009114
1189419017,040775704
1189429497,041790529
1189429497,041686322
1189429497,040652882
1189429497,043007740
1189429497,040668959
1189429497,040132153
1189429497,040073696
1189429497,042596386
1189429497,040208168
1189429810,042030757
1189429810,04033628X
1189429810,041621565
1189429810,040323862
1189722798,040189686
1189722798,041977750
1189722798,040777049
1189722798,04187658X
1189727846,041456300
1189727846,041692764
1189727846,040774457
1189727846,040313115
1189727846,041127013
1189727846,04061655X
1190031108,120932938
1190031108,040118894
1190031108,040420116
1190031108,041660307
1190031108,04033628X
1190031108,041659643
1190031108,004940067
1190031108,040206424
1190240734,040118827
1190240734,040772586
1190240734,040276678
1190240734,040422038
1190240734,04121353X
1190240734,040623866
1190240734,040781909
1190243377,170822702
1190243377,00728067X
1190247070,04045696X
1190247070,040098486
1190247070,041230655
1190247070,042571952
1190247070,95572399X
1190247070,970204280
1190247070,04069335X
1190247070,040059839
1190248182,041249313
1190248182,040014460
1190248182,04121353X
1190248182,1163689106
1190248182,040182029
1190248182,040373630
1190344335,041519884
1190344335,04069335X
1190344335,952619636
1190344335,040473767
1190352060,040157016
1190352060,040245969
1190352060,041339576
1190352060,040246000
1190565552,040551792
1190565552,040494225
1190565552,041532619
1190680556,040118827
1190680556,04061963X
1190680556,04121465X
1190680556,041176227
1190991381,123288835
1190991381,004148738
1190991381,040437744
1190991381,041750470
1190991748,040099377
1190991748,043084168
1190991748,042011906
1190991748,040431525
1190991748,1354630920
1190991748,040763749
1190991748,040384632
1190996049,040471500
1190996049,040057097
1190996049,943757568
1190996049,040465144
1190996049,040332292
1190996049,041332717
1191065723,041134826
1191065723,004316770
1191065723,952602555
1191065723,98361833X
1191065723,041952154
1191065723,041684257
1191069540,040768996
1191069540,040038467
1191069540,04190074X
1191069540,040614964
1191069540,040611639
1191069540,041126467
1191069540,940431181
119131944X,040284956
119131944X,040057097
119131944X,106969780X
119131944X,040038467
119131944X,040768996
119131944X,040099377
1191322033,040118827
1191322033,040252434
1191322033,041602196
1191322033,040059642
1191322033,040557626
1191322033,040795837
1191437981,040318125
1191437981,041554442
1191437981,00771761X
1191441644,040305503
1191441644,041134508
1191441644,041259262
1191441644,040205886
1191441644,040447898
1191441644,04029577X
1191441644,040368246
1191441644,041143183
1191522865,1047678039
1191522865,040625125
1191522865,04046539X
1191522865,04229763X
1191525082,041644654
1191525082,041326660
1191528863,040587940
1191528863,040729206
1191528863,040611639
1191528863,040337928
1191528863,040465144
1191528863,041317513
1191528863,041155890
1191565742,118575767
1191592448,040432718
1191592448,040467813
1191592448,948322187
1191592448,041230655
1191592448,041923588
1191592448,040335607
1191662446,040149544
1191662446,957319304
1191662446,041351290
1191662446,040208729
1191662446,040027376
1191662543,040118827
1191662543,040490033
1191662543,040208303
1191662543,04187773X
1191662543,041411862
1191662543,959706763
1191749991,11850553X
1191749991,040295095
1191838986,041747216
1191838986,043116574
1191838986,043097502
1191936333,040762157
1191936333,965002845
1191936333,040052796
1191936333,040643026
1191936333,963763229
1191940314,971874549
119204813X,042773040
119204813X,040588122
1192050282,040432718
1192050282,041712269
1192050282,040343863
1192050282,040790096
1192051858,040278085
1192051858,04136757X
1192051858,985576723
1192051858,040411583
119213477X,040099377
119213477X,040038467
119213477X,040754685
119213477X,040057097
1192137175,040118827
1192137175,040145166
1192137175,040608107
1192137175,040136566
1192137175,040163970
1192137175,040348636
1192137175,042349877
1192199618,040425304
1192199618,954614925
1192199618,004047788
1192199618,004150309
1192203380,040777049
1192203380,041223438
1192203380,041306155
1192203380,040564150
1192370902,1113557710
1192370902,985596287
1192370902,040159558
1192370902,040664244
1192370902,040135853
1192370902,041366077
1192374681,1199322512
1192374681,042016746
1192374681,040161129
1192441834,1051121949
1192441834,041350294
1192441834,040005895
1192441834,040414566
1192441834,040436640
1192441834,041348370
119282167X,040408515
119282167X,041727088
119282167X,041822633
119282167X,042047773
1193037697,040006263
1193037697,041143337
1193037697,040028518
1193037697,040457915
1193491614,951338358
1193491614,041971744
1193491614,042104009
1193491614,1265527644
1193491614,041843134
119399523X,947780831
119399523X,943085756
119399523X,041146336
119399523X,042027128
1194312802,118555049
1194312802,040261409
1194312802,041708725
1194312802,041218779
1194312802,040789225
1194374123,041488113
1194374123,040216713
1194374123,040360504
1194374123,004691792
1194375561,1080677399
1194375561,041325923
1194375561,043237673
1194375561,040216713
1194375561,040360504
1194375979,041740408
1194375979,040216713
1194375979,040360504
1194375979,004691792
1194376770,1080677399
1194376770,041325923
1194376770,043237673
1194376770,040216713
1194376770,040360504
1194376983,1080677399
1194376983,040216713
1194376983,040360504
119437817X,138572194
119437817X,040240525
119437817X,040651339
119437817X,041806859
1194467121,040786099
1194467121,042141540
1194467121,041230655
1194467121,97269093X
1194467121,04123037X
1194649440,041996798
1194649440,041849450
1194666949,040156028
119505615X,041212606
119505615X,040360504
119505615X,041285069
119505615X,040300056
1195056389,966324390
1195056389,041639472
1195056389,041806859
1195056389,040360504
1195056389,004691792
1195225962,042153999
1195225962,101046003X
1195225962,967191297
1195237693,974041238
1195237693,040597873
1195237693,040272745
1195237693,041156455
1195442165,1128091860
1195442165,040335739
1195442165,041165462
1195442165,968800246
1195442165,04072395X
1195442165,040300277
1195442165,040494209
1195442165,04133695X
1195532822,042232082
1195532822,040238385
1195532822,041698169
1195590199,041132262
1195590199,041798007
1195590199,040698394
1195599056,040118827
1195599056,040285324
1195599404,040787044
1195599404,040114139
1195599404,040465403
1195599404,040144577
1195599404,041294092
1195599404,041725484
1195599404,040557367
1195630131,040118827
1195630131,041156455
1195630131,040087670
1195630131,041826809
1195630131,040052273
1195659520,040391795
1195659520,1361893605
1195659520,1361894563
1196111669,941420213
1196111669,041747267
1196111669,043185800
1196111669,041483480
1196328560,04004176X
1196328560,040223493
1196328560,040066673
1196328560,040062929
1196328730,040728579
1196328730,041164660
1196328730,041242106
1196644772,040118827
1196644772,040066509
1196644772,041207300
1196644772,041127625
1196699801,1026941148
1196699801,98901049X
1196699917,040039889
1196699917,040178609
1196699917,040386929
1196699917,042237688
1196700451,1052565301
1196700451,041364392
1196700451,004273559
1196877556,123720389
1196877556,964195720
1196877556,041956400
1196960461,040709590
1196960461,042215722
1196960461,043266029
1196960461,946702721
1196970505,041269748
1196970505,040187764
1196970505,04200179X
1197057552,997046619
1197057552,1361895977
1197057552,980051770
1197077456,040316416
1197077456,040646890
1197077456,040586715
1197077456,042117135
1197077456,040606805
1197077456,040708136
1197077456,040664244
1197636102,040099377
1197636102,040787044
1197636102,1019538708
1197636102,040334473
1197636102,040273865
1197636102,040793478
119768154X,041269748
119768154X,040187764
119768154X,972192700
1197929274,041230655
1197929274,04006204X
1197929274,041260147
1198068590,04115584X
1198068590,040187764
1198068590,041750268
1198068590,041312597
1198405104,940674513
1198405104,040495078
1198405104,042124905
1198455802,041229266
1198455802,041550463
1198480262,1188472186
1199266019,041229150
1199266019,041895460
1199266019,041676025
1199268828,041277767
1199268828,041364392
1199268828,1116980010
1199268828,004680367
1199355747,041195450
1199355747,040785998
1199355747,041242955
1199355747,986238228
119954664X,040475387
119954664X,040321878
119954664X,040657817
119954664X,040670295
119954664X,041532457
1199615161,1177443902
1199615161,04062871X
1199615161,041673069
1199615161,041365844
1199615161,043249809
1199615161,040269264
1199615161,041739086
1199615161,1027514626
1200241681,040014460
1200241681,041761847
1200241681,1062915038
120035365X,947600582
120035365X,947676724
120035365X,956298788
120035365X,945696108
120035365X,043233414
1200405730,040776247
1200405730,041926749
1200405730,041723104
1200405730,041378946
1200405730,042895189
1200405730,040205886
1200405730,040431835
1200405730,040666115
1201263751,040564428
1201263751,041451295
1201263751,04145135X
1201263751,041397169
120130685X,118866850
120130685X,040198413
120130685X,040600874
120130685X,041877136
120130685X,040156028
1201462908,041300262
1201462908,042735777
1201462908,043245676
1201462908,042507014
1201502535,040135314
1201502535,041513444
1201502535,1037387953
1201502535,042221498
1201502535,042732565
1201550297,941918319
1201550297,986618608
1201550297,040359646
1201550564,119194481
1201631491,040164543
1201631491,040164438
1201644283,040174697
1201644283,04113575X
1201644283,041523385
1201644283,1048715485
1201644283,04188678X
1202010997,040511588
1202010997,040762319
1202010997,040350932
1202010997,041214447
1202010997,041315227
1202045367,040457915
1202118496,040284956
1202118496,040737810
1202118496,040459985
1202220959,040760014
1202220959,041608356
1202220959,040122115
1202220959,041410459
1202220959,1127660101
1202220959,04113432X
1202222331,040441962
1202222331,041410440
1202222331,041705955
1202222331,041793129
1202272312,040261816
1202272312,041439937
1202272312,948738189
1202272312,041810449
1202275540,040306380
1202275540,041927567
1202275540,04040949X
1202275540,04069349X
1202363962,050270168
1202363962,981714250
1202363962,041285972
1202363962,040490122
1202363962,041403916
1202392113,041164377
1202392113,041202910
1202392113,040121127
1202392113,040389359
1202439128,1006402748
1202439128,040550729
1202439128,042261279
1202439128,041274784
1202439128,043285007
1202608884,040425703
1202608884,040777049
1202608884,041306155
1202608884,040543676
1202780903,04128805X
1202780903,041275667
1202780903,966107381
1202780903,1149086939
1202780903,041849655
1202780903,041214293
1202780903,043217222
1202780903,042326540
1202780903,042179610
1202803075,1356126669
1202803075,041266978
1202803075,042256984
1202803075,040359646
1202811663,041230655
1202811663,1072179776
1202811663,041267249
1202811663,041293622
1202811663,04069335X
1203370202,041667719
1203370202,041810147
1203370202,040110613
1203370202,040392570
1203370202,041249399
1203370202,041265076
1203538618,042033438
1203538618,040359646
1203863985,988099233
1203863985,041173694
120387524X,040315754
120387524X,040776247
120387524X,042643929
1204199841,040362620
1204199841,04061557X
1204199841,042731569
1204199841,040066177
1204253323,04010074X
1204253323,041923529
1204253323,041140877
1204258422,040072932
1204258422,041460928
1204258422,042917336
1204365466,040050440
1204365466,04079167X
1204365466,041143167
1204365466,945803796
120443106X,041216539
120443106X,040389367
1204555478,040118827
1204555478,041299655
1204555478,041125983
1204555478,040426238
1204555478,041157109
1204826757,040226484
1204826757,041535200
1204826757,952225611
1204826757,041644794
1204889635,981714250
1204889635,119962747X
1204889635,040664937
1204889635,040147150
1204889635,041306880
1204926751,118682504
1204926751,118575651
1204926751,04055113X
1204926751,040643174
1204926751,041137744
1204926751,04003223X
1204926751,041432339
1204926751,040307638
1204926751,042193052
1205009426,988068419
1205009426,041409396
1205009426,04065852X
1205016686,041854829
1205016686,041993993
1205016686,040746739
1205016686,040597989
1205018549,040261816
1205018549,040300463
1205018549,04141246X
1205018549,04146088X
1205018549,1137293195
1205018549,041460677
1205018549,041798783
1205139486,040305503
1205139486,040747255
1205139486,040066673
1205139486,04077208X
1205259163,040739953
1205259163,040132153
1205259163,042802342
1205259163,944239862
1205259163,043264646
1205372571,104635602X
1205372571,040023338
1205734848,041207955
1205734848,041550536
1205737790,040233499
1205737790,040062929
1205737790,040318699
1205737839,040754863
1205737839,040222330
1205737839,1028776632
1205804595,040317129
1205804595,040003132
1205804595,042952778
1205804595,041712005
1205804595,041361733
1205804595,042372038
1205804595,042106893
1205971858,041351665
1205971858,123322929X
1205971858,040494225
1205971858,04054365X
1205971858,043004008
1205977597,040773493
1205977597,040717763
1206240393,040181189
1206240393,040259013
1206240393,040305503
1206240393,041165462
1206240393,952972530
1206250143,041315227
1206250143,041393708
1206250143,041174062
1206250143,04071781X
1206250682,118513109
1206250682,040064328
1206344326,040226484
1206344326,040459772
1206344326,040557375
1206414235,123069580
1206414235,1208741853
120658856X,132251237X
120658856X,040586405
120658856X,040055655
1206688874,040416496
1206688874,041134222
1206688874,986508780
1206688874,041926234
1206688874,956426158
1206723688,04072560X
1206723688,042412919
1206723688,967279453
1206723688,954541669
1206723688,040252264
1206730897,118547739
1206730897,118578537
1206730897,118500775
1206730897,040444643
1206730897,040052486
1206820284,004549465
1206820284,040487156
1206864311,040498360
1206864311,041728017
1206864311,04161965X
1206864311,041720687
1206877766,040300463
1206877766,041610970
1206877766,041853946
1206877766,041260732
1207146757,041223438
1207146757,041762010
1207161756,043244165
1207161756,041890124
1207161756,040039390
1207161756,04041003X
1207161756,040674738
1207187801,041143337
1207187801,041298950
1207444723,954454553
1207444723,041654544
1207444723,042756596
1207619671,041481143
1207619671,041154630
1207619671,041314840
1207720879,04031295X
1207720879,040268799
1207720879,040030865
1207720879,040760669
1208147838,118597868
1208147838,040300056
1208147838,04133275X
1208211870,040181456
1208211870,041289994
1208211870,1206347392
1208211870,967941407
1208211870,960168400
1208211870,007636040
1208211870,04071795X
1208323237,040417816
1208323237,974512222
1208323237,040402339
1208323237,040573125
120850763X,040563669
120850763X,040605957
120850763X,040153320
1208520512,040118827
1208520512,041205502
1208520512,041205499
1208520512,041208218
1208520512,041978730
1208520512,041436105
1208633260,1180636562
1208633260,04049487X
1208633260,955137284
1208633260,041465520
1208633260,040162788
1208764527,041899407
1208764527,041166450
1208764527,041399234
1208764527,950838314
1208764527,041172655
120891541X,940431181
120891541X,1206347392
120891541X,967941407
120891541X,041127013
120891541X,040554295
120891541X,041701747
120891541X,04077791X
120893788X,040099377
120893788X,945451660
1209067331,042402867
1209067331,041371798
1209257254,040118827
1209257254,042023629
1209257254,041267249
1209257254,041467752
1209267365,040772160
1209267365,040735737
1209267365,040773477
1209472945,040118827
1209472945,040419150
1209472945,04074793X
1209472945,041699173
1209472945,947676724
1209474611,040305503
1209474611,040288595
1209474611,951720600
1209474611,040336379
1209474611,040329038
1209490692,118924079
1209490692,040476898
1209490692,040430243
1209671085,04199566X
1209671085,040223175
1209671085,040485072
1209671085,97200923X
1209671085,040156028
1209873982,040607429
1209873982,04204779X
1209873982,040541517
121015689X,040034127
121015689X,041690893
121015689X,042081815
121015689X,1277285438
121015689X,042764130
121015689X,955090350
1210245752,040063119
1210245752,040052486
1210245752,040443027
1210333546,041996798
1210333546,041924096
1210333546,041849450
1210347148,121085600
1210424029,118528823
1210424029,041226658
1210424029,04049716X
1210424029,040232875
1210424029,944318959
1210424029,942823710
1210590646,040118827
1210590646,040062872
1210590646,042907330
1210590646,041818555
1210590646,040762173
1210590646,040775755
1210590646,040052273
1210664410,1123527725
1210664410,1068087374
1210692074,040479897
1210694549,040777049
1210694549,040563979
1210694549,041231767
1210694549,953407497
1210729415,040118827
1210729415,041640179
1210729415,040113760
1210729415,040775712
1210729415,041139240
1210729415,041550463
1210730170,95406030X
1210730170,043245676
1210730170,042507014
1210730170,981830676
1211095711,1361258659
1211095711,041642236
1211095711,041378148
1211172759,041868358
1211172759,040316300
1211172759,040643174
1211172759,041599306
1211172759,040386392
1211172759,040377865
1211293157,040598276
1211314707,040119750
1211314707,042064953
1211314707,041655508
1211314707,041969642
1211392562,042074150
1211392562,04189281X
1211392562,04318717X
1211392562,959843493
1211392562,042443504
1211396924,040660737
1211736334,04244506X
1211736334,040459608
1211737985,040261816
1211737985,040418979
1211737985,040597989
1211791483,1019430699
1211791483,041534638
1211791483,040558649
121197409X,040475115
121197409X,042775965
121197409X,945450427
121197409X,1361894563
1211984796,040465268
1211984796,040154289
1211987345,040350932
1211987345,100072185X
1211987345,042012759
1211987868,040336379
1211987868,041550463
1211987868,040788954
1211990788,041996798
1211990788,041849450
1212452003,040436810
1212452003,041889509
1212453263,04127976X
1212453263,041678826
1212453263,040435865
121265272X,040111598
121265272X,042242444
121265272X,041154649
121265272X,040756939
1212795954,040118827
1212795954,040651096
1212795954,041489527
1212795954,040389359
1212795954,1041864515
1212855205,041386167
1212855205,04123409X
1212855205,041139887
1212855205,040580474
1212855205,040154289
1213038774,040261816
1213038774,041673832
1213038774,041810449
1213097193,1060780534
1213097193,040015866
1213097193,040337480
1213097193,1130405095
1213097193,040324923
1213097193,042179610
1213097193,951771485
1213097193,041369114
1213300584,040886840
1213348773,040600874
1213348773,043269605
1213348773,040771504
1213348773,041949013
1213348773,04047089X
1213348773,040382419
1213348773,040470563
1213348773,040158756
1213448832,041269748
1213448832,040187764
1213448832,040714977
1213451698,04060523X
1213451698,040266567
1213472741,04128805X
1213472741,948556781
1213472741,042980925
1213472741,04052003X
1213472741,942841387
1213472741,040615855
1213472741,987436635
1213472741,041614283
1213472741,041286936
1213472741,041312864
1213472741,949709514
1213513332,967279453
1213513332,040700879
1213513332,1206347392
1213513332,967941407
1213523303,040887073
1213523303,04229763X
1213523303,041578244
1213523303,94311361X
1213523303,042774934
1213523303,040483908
1213524180,040567230
1213524180,041165462
1213524180,040734390
1213524180,040120465
1213524180,040158330
1213526752,040066584
1213526752,041176227
1213526752,041127625
1213547725,940431181
1213547725,1206288906
1213547725,967941407
1213547725,04066466X
1213547725,040664937
121363458X,041364155
1213728487,118594893
1213811201,041834445
1213811201,041510208
1213811201,040681599
1213811201,040272966
1213811635,041780329
1213811635,042596505
1213811635,1357748728
1213811635,041424042
1213811635,041438906
1213811635,1028601360
1213811678,041537173
1213811678,041411293
1213811678,042262976
1213811678,940620596
121388490X,040754545
121388490X,041526473
121388490X,041372174
121388490X,042686032
121388490X,041360958
1213972442,040118827
1213972442,1206347392
1213972442,967941407
1213972442,942218981
1213972442,1003483682
1213972442,041134028
1213972442,040111520
1213972442,040111342
1213972442,1105568555
1213973295,004909372
1213973295,04033581X
1213973295,040413160
1214130275,04127833X
1214301533,040118827
1214301533,940754541
1214301533,041242610
1214301533,041827236
1214301606,041517954
1214301606,040147339
1214301606,040473902
1214301606,040491870
1214367127,040118827
1214367127,041139364
1214367127,041838289
1214367127,040775720
1214367127,041127625
1214368735,041692128
1214368735,040746720
1214429459,040118827
1214429459,041222326
1214429459,041284089
1214429459,955920280
1214429459,04160329X
1214640001,118530895
1214640001,040118827
1214640001,040181456
1214640001,953827860
1214640001,042007933
1214640001,040196224
1214769039,118540041
1214811884,118598678
1214811884,040776204
1214811884,041138449
1214811884,040762262
1214886159,040118827
1214886159,1206347392
1214886159,967941407
1214886159,04127850X
1214886159,040709248
1214886159,040578038
1214886159,041552725
1214886159,041739086
1214886159,040681920
1214886841,040118827
1214886841,1098579690
1214886841,042131324
1214886841,040621278
1214886841,955981131
1214886841,042334276
1214958710,040209490
1214958710,040431738
1214958710,040172147
1214958710,040712346
1214958710,04198756X
1214958710,040710343
1214970524,041269748
1214970524,040187764
1214970524,1123527725
1215036884,04141313X
1215036884,041424042
1215036884,041788125
1215036884,1028601360
1215036981,041914732
1215036981,040636259
1215036981,043007252
1215036981,041808215
1215037171,041429907
1215037171,041658329
1215037171,041834445
1215037171,04135379X
1215099010,040118827
1215099010,040207757
1215099010,041421760
1215099010,94257849X
1215099010,950821608
1215099010,042453224
1215099010,041328132
1215099541,119092085
1215099541,040469484
1215099541,041212606
1215159366,040057283
1215159366,042961785
1215159366,040494284
1215159366,04064037X
1215159366,041778715
1215159366,040023338
1215159366,991994795
1215159366,985576723
1215167741,041857763
1215295529,040350932
1215295529,042012759
1215295529,100072185X
1215295529,040473767
1215321791,04068038X
1215321791,1087186722
1215321791,041800443
1215321791,951339486
1215336985,118666932
1215336985,131370952
1215336985,040348318
1215336985,043270166
1215336985,041884396
1215336985,04281619X
1215337221,040562182
1215337221,040564495
1215337221,040476898
1215337221,043029159
1215500084,04004176X
1215500084,1136894608
1215500084,1333117329
1215500084,04011144X
1215500084,040553825
1215500084,040111342
1215500300,041132092
1215500300,040992020
1215500300,97127746X
1215500300,041136179
1215500300,041206673
1215576684,1206347392
1215576684,967941407
1215576684,041323262
1215576684,041264126
1215732880,040252264
1215732880,042312884
1215732880,040107817
1215764286,118608045
1215764286,040477045
1216001294,041629817
1216001294,952679442
1216001294,04113303X
1216040613,041900065
1216040613,040068773
1216040613,969278195
1216040613,960278222
1216040613,04177311X
1216040613,04250287X
1216040613,040630005
1216040613,041435184
1216144435,041310187
1216144435,040493482
1216144435,041133935
1216144435,952668440
1216256942,040261816
1216256942,041222849
1216256942,040737810
1216256942,041270835
1216257744,042510635
1216257744,040723305
1216257744,040597989
1216397082,040408434
1216397082,04205320X
1216397082,982637632
1216397082,123322929X
1216639515,040261816
1216639515,041431324
1216639515,041798007
1216641749,040014460
1216641749,040704467
1216641749,04131705X
1216641749,040760669
1216706794,040118827
1216706794,042122856
1216706794,040581365
1216706794,961720069
1216706964,040792153
1216706964,991483006
1216706964,04066466X
1216706964,040027023
1216706964,040557472
1216706964,042264049
1217009094,04115388X
1217009094,041786246
1217065180,041759400
1217065180,949900184
1217065180,04163425X
1217065180,041233778
1217065180,042126665
1217065180,041560434
1217065180,041413148
1217065180,041338065
1217065180,040486559
1217065180,041135490
1217065180,042372038
1217507116,04128691X
1217587888,042525799
1217587888,042437180
1217587888,043185398
1217587888,040762173
1217587888,041868846
1217587888,042936578
1217840869,958009716
1217840869,1353043355
1217840869,969790171
1217840869,1359744592
1217844848,040197026
1217844848,040791890
1217938516,040005569
1217938516,041931769
1217938516,040215717
1217938516,040787044
1217938516,940431181
1217938516,040038467
1217938605,1278979425
1217938605,040408477
1217938605,041702212
1218037598,04073840X
121809883X,040003205
121809883X,040557197
121809883X,040331784
1218354887,040305503
1218354887,974041238
1218366230,04066533X
1218400285,118528297
1218400285,119177862
1218400285,041292812
1218400285,040136272
1218400285,04077628X
1218463899,118597868
1218463899,04059758X
1218463899,04049716X
1218485590,973074388
1218485590,040389715
1218485590,042531357
1218685913,040289443
1218685913,04020832X
1218685913,041282337
1218685913,041966643
1218769904,041563425
1218769904,041883748
1218769904,042079675
1218769904,949844063
1218783931,040422267
1218783931,04131946X
1218783931,040223493
1218783931,040486893
1218783931,040236838
1218783931,040535347
1218783931,041245164
1218863307,040118827
1218863307,974188409
1218863307,040717763
1218867086,040118827
1218867086,040457982
1218867086,04049716X
1218867086,040181456
1218867086,040457915
1218867159,118818619
1218867159,040456609
1218867159,040348318
1218867159,041143884
1218867183,118600613
1218867183,040457982
1218867779,040464962
1218867779,04072560X
1218867779,975595202
1218867779,040350932
1218869194,040558649
1218869194,100072185X
1218869194,040408434
1218869496,04131123X
1218869496,040189686
1218869496,041807030
1218869496,041242386
1218872160,040564592
1218872160,040736555
1218872160,041408802
1218872160,041231767
1218872233,042958962
1218872233,040408434
1218872233,040305503
1218872233,040288595
1218875550,041203739
1218875550,04165739X
121900295X,041132920
121900295X,040359646
121900295X,040412512
121900295X,982249330
121900295X,985954078
1219134783,040717453
1219134783,041982339
1219139882,118587943
1219139882,040359646
1219139882,040389359
1219139882,041933176
1219139882,040152863
1219141046,970714106
1219141046,040459748
1219141046,000350745
1219141046,042907012
1219148997,04018093X
1219148997,040288080
1219148997,041306422
1219149667,040350932
1219149667,041231767
1219149667,04077208X
1219149667,1003483682
1219149667,040710343
1219399132,04032950X
1219399132,100374446X
1219399132,949386057
1219399132,042368650
1219399132,040124215
1219534595,041960467
1219534595,041207424
1219534595,04138007X
1219534595,041760778
1219534595,042090377
1219577677,04040949X
1219577677,041761847
1219577677,040305503
1219577677,041332792
1219577677,1337912352
1219664510,040297020
1219664510,040206424
1219664510,040548589
1219962791,041401247
1219962791,040741672
1219962791,040104575
1219962791,1046414801
1219963216,954346068
1219963216,041703812
1219963216,1043621512
1219963216,042430402
1219963216,945535155
1219963216,043258468
1219982725,043121470
1219982725,040223787
1219982725,04113446X
1220035432,041547063
1220035432,04138007X
1220035432,041207424
1220035432,959740856
1220035432,041960467
1220035432,04034181X
1220035432,041172655
1220035432,041668065
1220035432,940576910
1220080411,1024553361
1220080411,041240243
1220080411,1032223197
1220250333,042525799
1220250333,042437180
1220250333,040027333
1220250333,040212165
1220270350,040118827
1220270350,040205266
1220270350,042007933
1220270350,04061672X
1220276782,040371352
1220276782,041872835
1220276782,942582101
1220276782,042002303
1220276782,043262554
1220488399,041408802
1220488399,041730763
1220488399,040223493
1220488399,040226484
1220488577,040118827
1220488577,944368417
1220633178,040136302
1220633178,04063213X
1220633178,040513424
1220633178,04074972X
1220633178,040136566
1220633178,041275454
1220633178,004691792
1220633445,040268993
1220633445,040148947
1220633445,040146928
122085140X,040261816
122085140X,041599349
122085140X,042982375
122085140X,040006468
1221130544,042916755
1221131966,040344533
1221131966,949152277
1221131966,1014385962
1221278053,041144716
1221278053,040367746
1221282611,04026193X
1221282611,041974298
1221282611,040120406
1221282611,041860594
1221289829,040009890
1221289829,040597989
1221312227,041253752
1221312227,040190145
1221312227,961000937
1221319337,95770514X
1221319337,041636422
1221319337,964387069
1221319337,040052346
1221396846,118583700
1221396846,11861116X
1221396846,041761138
1221401564,040099377
1221401564,040066819
1221596993,040336379
1221596993,040583236
1221596993,040350932
1221596993,042636310
1221596993,040124754
1221597485,040350932
1221597485,041851056
1221971182,040239969
1221971182,040736482
1221971182,040087670
1221971182,042242142
1222436140,040791637
1222436140,040554090
1222436140,040139433
1222436140,041360699
1222436140,041143167
1222737302,040118827
1222737302,1206347392
1222737302,967941407
1222737302,041733800
1222743701,040383377
1222743701,04114483X
1222973901,041558537
1222973901,042002303
1222973901,042259177
1222973901,041670647
1222973901,040358755
1222973901,041478606
1222973901,041241797
1223174921,040154793
1223174921,040305813
1223174921,040717763
1223174921,041390857
1223605434,969713266
1223605434,040592456
1223605434,041249828
1223611078,1001075595
1223660567,118751867
1223660567,040427420
1223660567,040489469
1223705269,041278372
1223705269,04131705X
1223705269,1076034888
1223705269,040760669
1223705269,040031349
1223847357,04055676X
1223847357,041925483
1223865703,041690664
1223865703,040628604
1223865703,957650000
1223865703,040063119
1223865703,943667240
1223865703,956298788
1223981878,954825659
1223981878,004046609
1223981878,041308115
1224079914,040057283
1224079914,04131946X
1224079914,040223493
1224079914,953208303
1224079914,042703247
1224079914,040710343
1224193393,118557513
1224193393,946020663
1224193393,04075166X
1224193393,040733165
1224216121,118583506
1224216121,040710262
1224216121,940431181
1224216121,040710130
1224216121,040332039
1224216121,04009006X
1224216121,040038467
1224315081,955915252
1224334183,040534049
1224334183,04003500X
1224334183,041811933
1224334183,968801838
1224334183,040309576
1224334183,041818725
1224334183,041243293
1224334183,041288939
1224527976,040398277
1224527976,041869575
1224527976,040156028
1224527976,040625478
1224527976,96227478X
1224527976,040562182
1224739418,04042068X
1224739418,041661133
1224739418,041696360
1224739418,041696263
1224964810,040408027
1224964810,987973851
1224964810,040318834
1224964810,040751287
1224964810,040465268
1224964810,040408434
1225069394,040114139
1225069394,040013073
1225069394,041285972
1225069394,041872673
1225069394,041259262
122525616X,040605949
122525616X,041628640
122525616X,040544389
1225545714,040350932
1225545714,040620115
1225545714,040350967
1225549051,004816110
1225549051,942054261
1225549051,040252264
1225549051,041333330
1225549051,041381629
1225749697,940431181
1225749697,041280806
1225749697,040757390
1225749697,041701747
1225749697,040114139
1225749697,040465403
1225749697,041326954
1225749697,040606333
1226426565,040110028
1226426565,041281705
1226426565,983241937
1226426565,040580784
1226426565,96473222X
1226430651,04151629X
1226430651,042443474
1226430651,041841409
1226430651,042628784
1226485197,040703703
1226485197,040789438
1226485197,040793516
1226485197,04124477X
1226485197,04066533X
1226756069,040512533
1226756069,041414144
1226756069,949012874
1226756069,041362675
1226756069,04318717X
1226756069,041484932
1226895611,041474600
1226895611,04212042X
1226895611,042995396
1226895611,941771318
1226895611,1113031921
1226895611,041596536
1226895611,042179610
1226895611,041944178
1226896634,959303383
1226896634,041746422
1226896634,1360226001
1226896634,948149582
1226896634,041341759
1226936334,040408019
1226936334,041708245
1226942873,042795745
1226942873,041254678
1226942873,1123746923
1226942873,940353849
1226942873,1124810641
1226944442,041441982
1226944442,041635914
1226944442,041635949
1226944442,040605817
1226944442,041905296
1226944442,040172333
1226997449,04114130X
1226997449,041365844
1227039433,055651186
1227039433,041331567
1227039433,042438799
1227039433,952791013
1227189869,043083005
1227189869,040410714
1227189869,041260732
1227999879,041350200
1227999879,041306422
1227999879,040052273
1227999879,042465990
1227999879,041349873
1228072833,041336836
1228786690,004522370
1228786690,041684273
1228786690,040272230
1228786690,040318834
1228786690,040791637
1228786690,041554442
1229139796,948693541
1229139796,041451457
1229139796,040789217
1229435115,1110910134
1229435115,041208714
1229435115,1068893915
1229435115,043264646
1229688889,040336379
1229688889,041230655
1229834745,118810537
1229835768,04135432X
1229835768,040724662
1229835768,944313531
1229835768,04113303X
1229976485,94306791X
1229976485,042480582
1229976485,041704959
1229976485,946374112
1229976485,040386627
1230102582,041968255
1230102582,041635906
1230102582,042291607
1230102582,041153340
1230102582,040739317
1230445226,041140699
1230445226,040359646
1230445226,04114158X
1230550666,041865685
1230550666,952406128
1230550666,041938127
123055114X,004815270
123055114X,1031114947
123055114X,041722957
123055114X,04153283X
1230755772,040216624
1230755772,040232778
1230755772,951562398
1230755772,041172493
1230755853,118637649
1230755853,041335244
1230755853,040591506
1230755853,040156443
1230755853,040360504
1230796371,040670295
1230796371,040004643
1230796371,040614077
1230796371,954843401
1230796371,040321487
1230857737,040118827
1230857737,041134702
1230857737,041231465
1230857737,041832272
1230857737,040574245
1230857737,043123740
1230857737,041156587
1231274662,040092569
1231274662,041143337
1231274662,04049716X
1231274662,117388912
1231274662,118717995
1231274662,949849758
1231274662,041127269
1231274735,118616242
1231274735,041704533
1231274735,042022576
1231274735,978263340
1231274735,040267512
1231361700,041887379
1231361700,04124995X
1231547022,960633170
1231948647,13152187X
1232072133,041210786
1232072133,040137767
1232072133,04135348X
1232072133,042436842
1232073083,042020859
1232073083,042001323
1232073083,041237617
1232073083,1156876761
1232073083,040465152
1232073083,040205312
1232313793,1197831657
1232401455,041214625
1232401455,042797055
1232401455,042425255
1232406228,040705129
1232406228,041608399
1232406228,041703707
1232406228,1178162826
1232406228,995979111
1232406228,970707061
1232406228,942333608
1232407542,040737578
1232407542,040005895
1232407542,043132545
1232407542,96473222X
1232407542,946809321
1232576700,040781682
1232576700,040137457
1232576700,041379349
1232576700,041318773
1232815187,960009302
1232815187,041205898
1232815187,042437776
1232815187,1362004723
1232913626,040306380
1232913626,040384039
1232913626,040564592
1232913626,042190576
1233012762,041137914
1233012762,041143647
1233012762,043287808
1233012762,040120635
1233012762,946172501
1233108824,040118827
1233108824,040534693
1233108824,04144910X
1233113682,042420547
1233113682,949812471
1233113682,95159981X
1233113682,040490750
1233194585,040685969
1233194585,040014460
1233461494,040066509
1233461494,040154823
1233461494,041229266
1233461494,040301028
1233461494,040052486
1233462555,040097366
1233462555,040694674
1233462555,1206347392
1233462555,967941407
1233462555,040535320
1233601377,040118827
1233601377,040344029
1233601377,041166175
1233601377,042780004
1233601377,04153414X
123360225X,040252264
123360225X,1044874414
123360225X,041230655
123360225X,040252434
123360225X,041281284
1233678760,041230655
1233678760,041969103
1233678760,040066509
1233678760,040052486
1233957171,118560085
1234017873,040118827
1234017873,041365216
1234017873,947601600
1234017873,042501903
1234017873,041532333
1234017873,040597989
1234240300,042893720
1234240300,041292960
1234240300,040171299
1234240300,041247965
1234395428,040432165
1234395428,041656083
1234395428,041378105
1234396769,040432718
1234396769,04072560X
1234396769,041305604
1234396769,040026418
1234466945,985534478
1234466945,949011533
1234911809,007722036
1234911809,974675598
1234911809,042388120
1234911809,042907012
1235138542,041127625
1235138542,041323009
1235138542,041447344
1235138542,940511592
1235489159,1138804673
1235489159,041700082
1235489159,041269640
123568721X,041854829
123568721X,940038757
123568721X,040459985
1236383974,040336379
1236383974,040543676
1236383974,041737504
1236543815,040694844
1236543815,042742374
1236543815,04156250X
1236543815,04018837X
1236543815,04178541X
1236543815,041683579
1236543815,04181293X
1236543815,043170439
1236575067,043006744
1236575067,04060750X
1236575067,04060747X
1236575067,040485617
1236732561,040149579
1236732561,041947479
1236732561,123686393
1236732561,940179482
1236750829,040694682
1236750829,040443027
1236750829,04006672X
1236750829,041156137
1236846680,300427182
1236846680,300019181
1236846680,943441951
1236846680,04049716X
1237105706,042202000
1237105706,970991665
1237105706,1004000057
1237105706,040785475
1237164176,041127269
1237164176,041738632
123732002X,043097499
123732002X,041616340
123732002X,040192059
1237495849,040118827
1237495849,040447375
1237495849,040756939
1237495849,041969103
1237498945,041132920
1237498945,040331873
1237498945,975646869
1237618177,967191297
1237618177,04316837X
1237618177,041269748
1237623049,118813455
1237623049,118615270
1237623049,04138539X
1237623049,040018695
1237746884,041824849
1237747155,992613787
1237747155,040605957
1237894387,040497887
1237894387,040657817
1237894387,040254534
1237894387,041604040
1237959675,040665208
1237959675,04032589X
1237971071,040118827
1237971071,040446964
1238004741,940492598
1238148301,041693957
1238148301,041693949
1238148301,042797128
1238148301,946491399
1238148301,043193633
1238148301,040754219
1238251331,040359646
1238305857,040338886
1238305857,040359646
1238305857,043000983
1238307094,040171299
1238307094,968867146
1238307094,041408810
1238366392,1012346331
1238366392,1041589379
1238366392,040349225
1238386334,040118827
1238386334,040006956
1238386334,040149579
1238386334,957759576
1238386334,040038327
1238386334,04003772X
123849420X,04061963X
123849420X,953750485
123849420X,042190576
1238527647,949439029
1238527647,040174972
1238527647,041366360
1238527647,041891988
1238527647,041360168
1238527647,041153340
1238527647,952848546
1238598471,040121836
1238598471,041255704
1238598471,040658392
1238601588,043125735
1238601588,04016876X
1238601588,041250303
1238601588,041369254
1238601588,04129002X
1238654290,118548263
1238654290,040245969
1238654290,118541862
1238654290,040118827
1238654290,040491412
1238654290,118877925
1238779956,967279453
1238779956,043264646
1238779956,040252264
1238779956,042412919
123888850X,040632903
1238891888,04318717X
1238891888,042557216
1238891888,041930169
1238891888,994047185
1238892094,983782784
1238892094,040717224
1238892515,041653157
1238892515,041364082
1238892515,950049719
1238892515,944348572
1238892515,955442087
1238892515,04318717X
1238893627,040694917
1238893627,040717224
1238893627,040386392
1238893627,040413586
1238893627,040067912
1238893937,116973080
1238894496,040496880
123911513X,04087334X
123911513X,040762157
123911513X,040710130
123911513X,940533162
123911513X,004148738
1239422296,040118827
1239422296,042350344
1239422296,041750470
1239422296,040775879
1239442548,041287746
1239442548,040628558
1239561245,041310187
1239561245,040638545
1239561245,04130375X
1239562594,040597296
1239562594,041172493
1239659067,040327868
1239659067,040449033
1239659067,041381432
1239659067,042775965
1239837399,041142276
1239837399,040413829
1239837399,041126394
1239894171,040334228
1239894171,040665623
1239894171,040789217
1239894171,04054284X
1240052103,04079184X
1240052103,040379345
1240052103,041635922
1240052103,04067259X
1240052103,04203793X
1240230532,996916032
1240230532,040266400
1240230532,041620186
1240247028,041252802
1240247028,041260023
1240247028,041277767
1240315414,040511812
1240315414,04187658X
1240315414,04012472X
1240393245,040110974
1240393245,1321369956
124039828X,041699165
124039828X,04169919X
124039828X,041252179
124039828X,041331133
124039828X,947676724
124039828X,948738189
124039828X,04113642X
1240430086,04026193X
1240430086,041439937
1240430086,940492598
1240488165,04125385X
1240488165,040564363
1240609353,041738667
1240609353,041243064
1240614160,118819712
1240614160,041732308
1240614160,040731995
1240614160,041337727
1240614160,040136469
1240614160,978591348
1240614160,04020832X
1240673655,041643526
1240673655,04125287X
1240673655,042885256
1240673655,042730678
1240673973,1355251753
1240673973,957277970
1240673973,041524985
1240673973,040143279
124076068X,949582891
124076068X,1232850519
124076068X,1123527725
124076068X,041409019
124076068X,94564616X
124076068X,988072351
1240933304,041713842
1240933304,042067685
1240933304,041609026
1240933304,040352366
1241064636,041690710
1241064636,04176868X
1241064636,964175754
1241064636,041810449
1241195153,040118827
1241195153,040267229
1241195153,041620518
1241195153,957723962
1241318271,947013733
1241318271,959934766
1241318271,040274519
1241478252,00254508X
1241478252,967537282
1241478252,040642860
1241478252,041733827
1241478252,967371759
1241478252,042784697
1241536945,993865313
1241536945,050036335
1241536945,1106874455
1241536945,040746720
124179619X,040740323
124179619X,1206347392
124179619X,967941407
124179619X,041289994
124179619X,042320763
124201814X,040739953
124201814X,1262007852
124201814X,042131324
1242090789,040599795
1242090789,040334309
1242090789,041143337
1242239014,964162512
1242239014,041969103
1242239014,041286375
1242239014,040226484
1242239014,042590450
124231587X,040110192
124231587X,040052486
124231587X,040457915
124231587X,040477045
1242574417,041164377
1242574417,04124978X
1242574417,040504794
1242574417,042022622
1242574417,1188908340
1242634800,040118894
1242634800,119166232
1242634800,040205355
1242634800,041273664
1242637648,040027309
1242637648,040027376
1242637648,040688135
1242637648,043171095
1243286326,040443027
1243286326,040473767
1243286326,948154411
1243286326,040759954
1243286326,04132370X
1243351144,040306356
1243351144,042692032
1243351144,967941407
1243351144,041230655
1243351233,004678303
1243351233,041260023
1243351233,040763080
1243351233,040759687
1243439661,041132920
1243439661,040734099
1243439661,040289117
1243439661,040119750
1243439661,040360326
1243681926,1028331568
1243681926,041868064
1243681926,1211559238
1243681926,04049716X
1243681926,041143337
1243681926,041660439
1243681926,040006263
1244920304,040700836
1244920304,947642250
1244920304,041849450
1244920304,04039798X
124500302X,040511766
124500302X,040413160
124500302X,040763749
1245252496,040777049
1245252496,041306155
1245252496,041351754
1245620568,118520539
1245620568,04049716X
1245620568,118611666
1245620568,118580779
1245843680,1023547457
1245843680,041980123
1245843680,041618173
1246164426,979308658
1246164426,041608356
1246164426,1135938261
1246164426,1127660101
1246164426,042048206
1246164426,040162788
1246674963,955915252
1246683997,040362175
1246683997,040270246
1246683997,042200156
1246683997,04059758X
1246683997,040531694
1246759640,11863562X
1246759640,040665623
1246759640,040389715
1246759640,040267652
1246759640,040389367
1246879018,040403920
1246879018,960767053
1246879018,04019664X
1246879018,042261368
1246879018,043079644
1246897369,040455157
1246897369,041646487
1246897369,041866096
1246897369,040473902
1247008339,040464962
1247008339,040288145
1247008339,040288080
1247008339,040175987
1247008339,041270959
1247008339,042736218
1247008339,040775488
1247431703,04055676X
1247431703,041210948
1248102924,040189686
1248421493,041521684
1248421493,040675505
1248421493,1207935700
1248421493,043061354
1248421493,975271768
1248421493,940333287
1248421493,041385659
1248767187,955951038
1248971604,042393280
1248971604,04128271X
1249123054,041126114
1249123054,040034046
1249123054,04049716X
1249123054,040334228
1249415462,042185785
1249415462,040232778
1249415462,041868358
1249415462,041808436
1249724201,985630582
1249724201,041943716
1249724201,040583260
1249724201,041277767
1249724201,042088534
1249724201,041206304
1249957206,1165255901
1249957206,042256984
1249957206,042282012
1249995426,040408434
1249995426,041969103
1249995426,100072185X
1249995426,967279453
1250066506,119313618
1250188024,118535315
1250188024,118524534
1250188024,956130615
1250188024,1102915882
1250188024,042898323
1250279240,040455033
1250279240,04184713X
1250279240,041450930
1250279240,042783089
1250279240,041208064
1250328276,040118827
1250328276,041217616
1250328276,04043169X
1250331315,04060750X
1250331315,040476898
1250331315,04060747X
1250331315,043004008
1250342848,040500616
1250342848,041640500
1250342848,972554041
1250342848,041859863
1250342848,040006468
1250351898,118592610
1250351898,04136998X
1250351898,040580202
1250450667,040118827
1250450667,041305264
1250450667,040441237
1250451264,1011285371
1250451264,040408744
1250451264,04126228X
1250497035,040118827
1250497035,04127850X
1250497035,041137434
1250497035,967941407
1250497035,041900383
1250682770,118619098
1250682770,11861908X
1250682770,040171027
1250692377,040614964
1250692377,04032009X
1250692377,040775755
1250717612,041339487
125113176X,040762599
125113176X,04033628X
125113176X,041354672
1251142001,953145018
1251145256,1186088745
1251145256,041221923
1251145256,940997452
1251145256,041934415
125115574X,118741071
125115574X,04227768X
125115820X,042088534
125115820X,040205886
1251159818,975678795
1251159818,040065685
1251159818,968633374
1251159818,040126536
1251159818,041420195
1251159818,042531357
1251163793,041436318
1251163793,040792374
1251163793,041143280
1251163793,04129601X
1251163793,042635152
1251163793,041352319
1251163793,040184218
1251163793,040335429
1251197310,040379493
1251197310,042024943
1251240755,040079554
1251240755,947815376
1251240755,040139603
1251808336,994340842
1251808336,1073304302
1251808336,952725150
1251808336,041409418
1251808336,040197026
125181154X,1079480048
125181154X,956012027
125181154X,967279453
125181154X,040694186
125181154X,040354083
125206280X,040443027
125206280X,040546799
1252333722,118508288
1252333722,118584596
1252333722,118547356
1252333722,041209818
1252333722,040408027
125301177X,040035247
125301177X,040359646
1253304769,974041238
1253304769,041264126
1253304769,040178943
1253329672,040496260
1253329672,040746720
1253576548,041281284
1253576548,041738632
125366806X,041256735
125366806X,040746313
125366806X,042069920
125366806X,949439665
125366806X,040176215
1253732957,04128223X
1253732957,1105568407
1253732957,041311116
1253732957,040476677
1253732957,040597989
1253800723,118557513
1253800723,040621154
1253800723,040417719
1253800723,04010141X
1254029141,955543495
1254029141,04049716X
1254029141,040359646
1254029141,1102915882
125481275X,040118827
125481275X,040336557
125481275X,040408485
125481275X,957260768
125481275X,040097366
1255169508,041144716
1255169508,040367746
1255226218,040118827
1255226218,040595218
1255226218,947516433
1255226218,956298788
1255226218,04143126X
1255226218,947676724
1255448040,04126892X
1255448040,041165462
1255448040,04180094X
1255448040,040066673
125552250X,963109227
125552250X,041298950
125552250X,04033659X
125552250X,040336433
1255773421,041842200
1255876212,040682528
1255876212,041349466
1255876212,041621964
1255876212,041132408
1255876212,040710343
1256043516,040197026
1256361364,040455033
1256361364,041566548
1256361364,040269477
1256361364,955357950
1256361364,040031349
1256774723,118547798
1256774723,118509039
1256774723,11852772X
1256774723,041235924
1256774723,944520987
1256774723,042139120
1256774723,041771117
1256837997,118637665
1256837997,040079554
1256837997,040467449
1257559796,041269748
1257559796,1123527725
1257559796,040756939
1257559796,988072351
1257860615,040460762
1257860615,042801710
1257860615,942208862
1257860615,040378829
1258062763,040013073
1258062763,040386392
1258062763,040628604
1258062763,040477045
1258523159,041936086
1258523159,956153186
1258523159,040564207
1258523302,040014770
1260144453,04240505X
1260144453,040319725
1260144453,041771249
1260144453,941398404
1260144453,998904597
1260871711,040352544
1260871711,947546049
1261431197,040645320
1261431197,1206347392
1261431197,967941407
1261431197,040184064
1261444736,041143337
1261444736,043245226
1261444736,041157729
1262466245,040301028
1262466245,041370074
1262466245,041527283
1262466245,040709140
126354844X,942779274
126354844X,041153340
1263764835,99327269X
1263764835,040271455
1263764835,04115746X
1264641834,041677900
1264641834,04057699X
1264641834,1353043355
1264661088,040777049
1264661088,100072185X
1264661088,944257194
1264661088,041285204
1264661088,041334353
1265014116,041132920
1265014116,043035183
1265014116,04059596X
1265014116,041140516
1265014116,040119750
1265014116,040360326
1265362424,1124028595
1265362424,041230655
1265362424,041944623
1265362424,1242484655
1265362424,040581365
1266294910,040126242
1266294910,040158330
1266726861,040118827
1266726861,041768795
1266726861,041843975
1266726861,041786947
1266726861,04049716X
1266726861,041659643
1266922555,04033628X
1266922555,964675765
1266922555,041205030
1266922555,041659643
1267033983,958891788
1267033983,958891869
1267825987,04136175X
1267825987,984845321
1267825987,041235797
1267825987,041842006
1267987340,040129853
1267987340,040318338
1267987340,040033058
1267987340,041657055
1268617334,11870317X
1268997242,042980003
1268997242,04112667X
1268997242,041230655
1268997242,04316837X
1269211382,958891788
1269211382,042619254
1269218670,040050440
1269218670,040730913
1269218670,954458974
1269218670,04061672X
1269218670,042007933
1269218670,040205339
1269218670,040465268
1269218700,040336379
1269218700,041388038
1269218700,1222777320
1269342045,040641953
1270605569,041737504
1270605569,040272230
1270605569,1025861841
1270605569,04033628X
1270687476,040205789
1270687476,04060294X
1270687476,042546222
1270687476,040305503
1270687476,040288595
1270687476,04204779X
1270687476,041384369
1270798294,040106187
1270798294,042402344
1270798294,042735319
1270798294,040664244
1270798294,041264576
1271340488,041818555
1271340488,041451988
1271340488,041884396
1271340488,040756602
1271340488,040156028
1272948439,042529948
1272948439,040419649
1272948439,952666480
1272948439,959811516
1272948439,041519809
1273046285,040028259
1273046285,041277317
1273046285,040067998
1273228049,040768996
1273228049,951518283
1273228049,950504408
1273228049,953416844
1274300231,040757277
1274300231,040334228
1274300231,040457915
1274300231,04049716X
1274300231,118625012
1275332668,043257488
1275332668,04070730X
1275332668,040470563
1275332668,040158756
1275473172,1001334752
1275984304,040500616
1275984304,042868688
1275984304,040601315
1275984304,040323129
1276585519,040473600
1276585519,040334473
1276665369,139898352
1276665369,138517770
1276665369,040057283
1276665369,041143337
1276665369,041288440
1276665369,04033628X
1276736398,040476898
1276781814,04112667X
1276781814,040678555
1276781814,041970349
1277160287,952619636
1277160287,1227961537
1277160287,041384946
1277160287,040564428
1277809941,040408434
1277809941,040223493
127786361X,041302168
127786361X,040100715
127786361X,040348644
1277885508,119161303
1277885508,040790134
1277885508,043042600
1277885508,041492188
1278158782,04057587X
1278158782,040767043
1278158782,041297210
1278912207,040494152
1278912207,040158756
1278916083,040709140
1279030526,041126033
1279030526,040065685
1279030526,04059596X
1279693916,041698088
1279693916,940535912
1279708921,041207300
1279708921,040176045
1279708921,040332039
1279708921,964195720
1280090952,118500775
1280090952,118508172
1280090952,041341902
1280090952,040389367
1281296031,040118827
1281296031,04014772X
1281296031,040221539
1281296031,040118932
1283706784,040663809
1283706784,04045956X
1283706784,040493962
1283706784,040756602
1284741796,040207749
1284741796,042090156
1284741796,040052036
1284741796,040039749
1284741796,041239806
1284741796,040557367
1284741796,040746720
1286014042,041258584
1286014042,041639766
1286014042,04177342X
1286688876,958514097
1286972922,040261816
1286972922,040018334
1286972922,040501310
1286972922,041737830
1286972922,040573125
1286972922,040763080
1287831338,986667374
1287831338,041277945
1287928145,11029632X
1287928145,040408027
128901664X,040767043
128901664X,041887379
1289480192,040118827
1289480192,940156105
1289480192,1017959544
1289480192,04015016X
1293606448,041760220
1293606448,04167698X
1293606448,04065317X
1293606839,959038299
1293606839,04130571X
1293606839,041371879
1293607142,041679105
1293607142,041726650
1293607142,041616863
1294452347,04135964X
1294452347,040348377
1294452347,967528879
1294452347,040230015
1294453483,041286960
1294453483,041698967
1294453483,04178507X
1294453483,041829220
1297281233,040157016
1297281233,040006263
1297425243,944348645
1297425243,948410949
1297425243,041805623
1297425243,041815688
1300201185,041881664
1300201185,040457982
1300278234,041530543
1300278234,1358611262
1300278234,041474619
1300278234,041456106
1300956429,040459772
1300956429,042103746
1300956429,04015999X
1302222546,040740757
1302222546,041796489
1302222546,041336976
1302222546,199158940
1303164353,041230655
1303164353,041969103
1303164353,040541517
1307315860,119423863
1307315860,119362201
1307315860,040236935
1307315860,041432843
1307315860,041383567
1307315860,041223497
1307315860,041374924
1307315860,041660439
1307487165,040334228
1307487165,040665623
1307487165,040323862
1308856245,04063700X
1308856245,040382176
1308856245,042002303
1308856245,041550463
1309409285,040118827
1309409285,040278336
1309409285,041848020
1312249129,040006263
1312249129,04179463X
1312249129,041612744
1312249129,04138525X
1313280941,040448649
1316437612,040443035
1316437612,040336379
1316437612,945130562
1316437612,042040000
1316437612,041229266
131667181X,041282116
131667181X,040332292
131667181X,041696425
131667181X,041176650
1318744946,040294862
1318744946,04116511X
1318744946,041559525
1318744946,94709489X
1318744946,041524705
1319074138,004752430
1319074138,00479995X
1319074138,043145302
1319074138,042635152
1319074138,041204409
1319551378,129936367
1319551378,041737504
1319551378,041318080
1319551378,041723856
1323511466,043021824
1323511466,040740986
1323511466,041926145
1324540591,041235924
1324540591,041142799
1324540591,040496007
1324540591,041368177
1324540591,041851056
1324540591,042531357
1326512234,040334228
1326512234,041230655
1326512234,041660439
1326512234,04049716X
1329120752,118989820
1329120752,041601602
1331050111,118528866
1331050111,040790487
1331050111,041573196
1331050111,041292464
1331665728,040118908
1331665728,040118827
1331665728,04227561X
1331665728,040334236
1331665728,041346785
1331665728,041660439
1331665728,041323009
1331954703,040652033
1331954703,040457907
1334273049,118600818
1334273049,041206320
1334273049,040738833
1334273049,040789217
1334273049,040591042
1334273049,1131286049
1334711097,950355437
1334711097,04049716X
1334711097,964195720
1334711097,99466592X
1334712727,1139297287
1334712727,040315754
1334712727,041691873
1334712727,04033628X
1334712727,040477649
1334712727,041263537
1335209026,040334228
1335209026,041339657
1335209026,955481708
1336628111,118560034
1337020788,040345149
1337020788,040184064
133829721X,965873021
133829721X,041442407
133829721X,041294645
1339113279,04129503X
1339140276,11874660X
